date,day_type,bus,rail_boardings,total_rides,transit_id,datetimeEpoch,tempmax,tempmin,temp,feelslikemax,feelslikemin,feelslike,dew,humidity,precip,precipprob,precipcover,preciptype,snow,snowdepth,windgust,windspeed,winddir,pressure,cloudcover,visibility,solarradiation,solarenergy,uvindex,severerisk,sunrise,sunriseEpoch,sunset,sunsetEpoch,moonphase,conditions,description,icon,stations,source,tzoffset,weather_id
2024-10-01,W,675858,457355,1133213,1376,1727758800,20.9,13.6,18.5,20.9,13.6,18.5,8.1,54.9,0.0,0.0,0.0,,0.0,0.0,47.5,29.2,328.1,1017.0,52.3,16.0,34.9,2.9,5.0,10.0,06:48:04,1727783284,18:31:18,1727825478,0.96,Partially cloudy,Partly cloudy throughout the day.,partly-cloudy-day,"['72534014819', 'KORD', 'KMDW', '72530094846', 'F1983', '74466504838', 'KPWK']",obs,,1
2024-10-02,W,663546,452173,1115719,4672,1727845200,21.8,9.7,16.0,21.8,9.7,16.0,2.6,43.1,0.0,0.0,0.0,,0.0,0.0,31.7,18.1,236.4,1017.1,40.9,16.0,49.5,4.2,5.0,10.0,06:49:08,1727869748,18:29:36,1727911776,0.0,Partially cloudy,Partly cloudy throughout the day.,partly-cloudy-day,"['72534014819', 'KORD', 'KMDW', '72530094846', 'F1983', '74466504838', 'KPWK']",obs,,2
2024-10-03,W,670461,454449,1124910,1072,1727931600,25.4,12.1,17.9,25.4,12.1,17.9,7.5,52.4,0.0,0.0,0.0,,0.0,0.0,29.9,17.7,259.6,1016.9,13.8,16.0,45.5,3.8,4.0,10.0,06:50:13,1727956213,18:27:53,1727998073,0.03,Clear,Clear conditions throughout the day.,clear-day,"['72534014819', 'KORD', 'KMDW', '72530094846', 'F1983', '74466504838', 'KPWK']",obs,,3
2024-10-04,W,619444,409598,1029042,6492,1728018000,21.8,16.4,18.4,21.8,16.4,18.4,11.2,63.3,0.972,100.0,12.5,['rain'],0.0,0.0,42.5,27.1,44.2,1023.2,50.2,16.0,32.4,2.6,4.0,10.0,06:51:18,1728042678,18:26:12,1728084372,0.07,"Rain, Partially cloudy",Partly cloudy throughout the day with morning rain.,rain,"['72534014819', 'KORD', 'KMDW', '72530094846', 'F1983', '74466504838', 'KPWK']",obs,,4
2024-10-05,A,431370,318359,749729,7952,1728104400,29.7,15.3,21.8,28.8,15.3,21.7,11.7,55.0,0.0,0.0,0.0,,0.0,0.0,54.1,30.7,165.5,1018.5,41.5,16.0,47.3,4.0,4.0,10.0,06:52:23,1728129143,18:24:31,1728170671,0.1,Partially cloudy,Clearing in the afternoon.,partly-cloudy-day,"['72534014819', 'KORD', 'KMDW', '72530094846', 'F1983', '74466504838', 'KPWK']",obs,,5
2024-10-06,U,336190,248486,584676,8686,1728190800,24.6,14.8,20.7,24.6,14.8,20.7,7.0,42.7,0.0,0.0,0.0,,0.0,0.0,55.4,32.9,277.9,1013.5,10.8,16.0,55.1,4.7,6.0,10.0,06:53:29,1728215609,18:22:50,1728256970,0.13,Clear,Clear conditions throughout the day.,clear-day,"['72534014819', 'KORD', 'KMDW', '72530094846', 'F1983', '74466504838', 'KPWK']",obs,,6
2024-10-07,W,623133,406230,1029363,4727,1728277200,19.7,9.9,14.5,19.7,8.1,14.4,0.6,41.7,0.0,0.0,0.0,,0.0,0.0,29.5,18.7,315.4,1019.4,16.3,16.0,55.0,4.7,6.0,10.0,06:54:35,1728302075,18:21:10,1728343270,0.17,Clear,Clear conditions throughout the day.,clear-day,"['72534014819', 'KORD', 'KMDW', '72530094846', 'F1983', '74466504838', 'KPWK']",obs,,7
2024-10-08,W,652969,459661,1112630,1282,1728363600,23.2,9.5,16.0,23.2,8.9,16.0,4.1,47.5,0.0,0.0,0.0,,0.0,0.0,41.7,18.9,291.2,1017.0,7.8,16.0,55.3,4.7,6.0,10.0,06:55:41,1728388541,18:19:30,1728429570,0.2,Clear,Clear conditions throughout the day.,clear-day,"['72534014819', 'KORD', 'KMDW', '72530094846', 'F1983', '74466504838', 'KPWK']",obs,,8
2024-10-09,W,661361,467517,1128878,5019,1728450000,20.3,11.6,15.8,20.3,11.6,15.8,7.9,60.9,0.0,0.0,0.0,,0.0,0.0,31.7,21.6,81.8,1018.5,15.1,16.0,50.5,4.3,5.0,10.0,06:56:47,1728475007,18:17:51,1728515871,0.24,Clear,Clear conditions throughout the day.,clear-day,"['72534014819', 'KORD', 'KMDW', '72530094846', 'F1983', '74466504838', 'KPWK']",obs,,9
2024-10-10,W,650278,485221,1135499,3243,1728536400,21.9,12.4,16.8,21.9,12.4,16.8,6.6,53.8,0.0,0.0,0.0,,0.0,0.0,24.8,14.5,95.1,1021.7,0.8,16.0,51.5,4.5,6.0,10.0,06:57:54,1728561474,18:16:13,1728602173,0.25,Clear,Clear conditions throughout the day.,clear-day,"['72534014819', 'KORD', 'KMDW', '72530094846', 'F1983', '74466504838', 'KPWK']",obs,,10
2024-10-11,W,624145,456909,1081054,7059,1728622800,28.4,12.1,20.0,27.2,12.1,19.8,7.2,46.2,0.0,0.0,0.0,,0.0,0.0,40.1,24.9,230.0,1018.6,43.1,16.0,48.1,4.2,4.0,10.0,06:59:01,1728647941,18:14:35,1728688475,0.3,Partially cloudy,Becoming cloudy in the afternoon.,partly-cloudy-day,"['72534014819', 'KORD', 'KMDW', '72530094846', 'F1983', '74466504838', 'KPWK']",obs,,11
2024-10-12,A,427732,369877,797609,410,1728709200,21.4,16.0,18.0,21.4,16.0,18.0,11.2,64.9,0.0,0.0,0.0,,0.0,0.0,51.3,32.7,53.9,1015.0,81.3,16.0,44.8,3.8,4.0,10.0,07:00:09,1728734409,18:12:58,1728774778,0.34,Partially cloudy,Partly cloudy throughout the day.,partly-cloudy-day,"['72534014819', 'KORD', 'KMDW', '72530094846', 'F1983', '74466504838', 'KPWK']",obs,,12
2024-10-13,U,280965,466771,747736,4280,1728795600,19.0,10.9,15.4,19.0,10.9,15.4,7.8,62.3,0.0,0.0,0.0,,0.0,0.0,62.9,37.9,307.7,1010.0,87.7,16.0,42.4,3.8,4.0,10.0,07:01:16,1728820876,18:11:22,1728861082,0.37,Partially cloudy,Partly cloudy throughout the day.,partly-cloudy-day,"['72534014819', 'KORD', 'KMDW', '72530094846', 'F1983', '74466504838', 'KPWK']",obs,,13
2024-10-14,W,486971,384342,871313,8537,1728882000,14.1,7.4,10.5,14.1,4.5,8.9,3.0,61.6,1.004,100.0,12.5,['rain'],0.0,0.0,60.3,33.9,330.3,1018.1,80.0,15.7,24.8,2.1,1.0,10.0,07:02:24,1728907344,18:09:46,1728947386,0.41,"Rain, Partially cloudy",Partly cloudy throughout the day with rain clearing later.,rain,"['72534014819', 'KORD', 'KMDW', '72530094846', 'F1983', '74466504838', 'KPWK']",obs,,14
2024-10-15,W,582685,444249,1026934,1802,1728968400,8.8,5.8,7.2,5.7,1.6,3.7,2.8,74.1,8.977,100.0,58.33,['rain'],0.0,0.0,56.6,33.0,344.4,1023.5,72.5,15.4,15.2,1.2,1.0,10.0,07:03:33,1728993813,18:08:11,1729033691,0.44,"Rain, Partially cloudy",Partly cloudy throughout the day with a chance of rain throughout the day.,rain,"['72534014819', '72212604879', 'KORD', 'KMDW', '72530094846', 'F1983', '74466504838', 'KPWK']",obs,,15
2024-10-16,W,652964,462121,1115085,6562,1729054800,14.4,3.1,8.4,14.4,-0.3,6.7,-0.7,55.4,0.0,0.0,0.0,,0.0,0.0,37.8,19.9,327.8,1028.9,25.5,16.0,50.2,4.4,5.0,10.0,07:04:41,1729080281,18:06:37,1729119997,0.47,Partially cloudy,Partly cloudy throughout the day.,partly-cloudy-day,"['72534014819', 'KORD', 'KMDW', '72530094846', 'F1983', '74466504838', 'KPWK']",obs,,16
2024-10-17,W,650082,466090,1116172,5102,1729141200,18.2,3.1,10.5,18.2,1.2,9.9,-1.3,47.2,0.0,0.0,0.0,,0.0,0.0,36.3,19.1,201.5,1026.7,6.3,16.0,69.2,5.8,6.0,10.0,07:05:50,1729166750,18:05:04,1729206304,0.5,Clear,Clear conditions throughout the day.,clear-day,"['72534014819', 'KORD', 'KMDW', '72530094846', 'F1983', '74466504838', 'KPWK']",obs,,17
2024-10-18,W,627426,413404,1040830,8368,1729227600,20.4,6.6,13.4,20.4,5.3,12.9,0.4,42.7,0.0,0.0,0.0,,0.0,0.0,36.0,20.7,187.8,1029.7,5.3,16.0,65.8,5.7,6.0,10.0,07:07:00,1729253220,18:03:32,1729292612,0.54,Clear,Clear conditions throughout the day.,clear-day,"['72534014819', 'KORD', 'KMDW', '72530094846', 'F1983', '74466504838', 'KPWK']",obs,,18
2024-10-19,A,425987,354109,780096,2701,1729314000,22.0,7.7,14.6,22.0,6.8,14.5,3.4,49.0,0.0,0.0,0.0,,0.0,0.0,25.9,17.7,203.7,1030.7,20.6,16.0,66.0,5.7,6.0,10.0,07:08:09,1729339689,18:02:01,1729378921,0.57,Partially cloudy,Partly cloudy throughout the day.,partly-cloudy-day,"['72534014819', 'KORD', 'KMDW', '72530094846', 'F1983', '74466504838', 'KPWK']",obs,,19
2024-10-20,U,321239,239392,560631,4184,1729400400,25.7,10.5,17.7,25.7,10.5,17.7,3.7,41.8,0.0,0.0,0.0,,0.0,0.0,37.1,21.6,216.4,1026.0,0.0,16.0,62.8,5.4,5.0,10.0,07:09:19,1729426159,18:00:31,1729465231,0.61,Clear,Clear conditions throughout the day.,clear-day,"['72534014819', 'KORD', 'KMDW', '72530094846', 'F1983', '74466504838', 'KPWK']",obs,,20
2024-10-21,W,619582,403752,1023334,6276,1729486800,27.6,12.5,19.7,26.5,12.5,19.6,4.4,38.8,0.0,0.0,0.0,,0.0,0.0,35.3,20.3,213.4,1022.2,25.1,16.0,67.1,5.8,5.0,10.0,07:10:30,1729512630,17:59:02,1729551542,0.64,Partially cloudy,Partly cloudy throughout the day.,partly-cloudy-day,"['72534014819', 'KORD', 'KMDW', '72530094846', 'F1983', '74466504838', 'KPWK']",obs,,21
2024-10-22,W,642373,451887,1094260,6275,1729573200,23.1,12.4,18.5,23.1,12.4,18.5,5.6,43.6,0.068,100.0,8.33,['rain'],0.0,0.0,50.5,26.7,190.1,1015.9,67.8,16.0,24.6,2.0,2.0,10.0,07:11:40,1729599100,17:57:34,1729637854,0.67,"Rain, Partially cloudy",Partly cloudy throughout the day with afternoon rain.,rain,"['72534014819', 'KORD', 'KMDW', '72530094846', 'F1983', '74466504838', 'KPWK']",obs,,22
2024-10-23,W,653689,461471,1115160,6448,1729659600,18.6,9.3,15.3,18.6,9.3,15.3,5.2,52.2,0.0,0.0,0.0,,0.0,0.0,40.7,25.3,305.2,1017.5,38.8,16.0,54.3,4.7,5.0,10.0,07:12:51,1729685571,17:56:06,1729724166,0.71,Partially cloudy,Partly cloudy throughout the day.,partly-cloudy-day,"['72534014819', 'KORD', 'KMDW', '72530094846', 'F1983', '74466504838', 'KPWK']",obs,,23
2024-10-24,W,654696,465121,1119817,7710,1729746000,17.9,5.2,12.0,17.9,3.9,11.7,1.8,52.4,0.0,0.0,0.0,,0.0,0.0,33.1,21.4,190.7,1020.3,34.9,16.0,53.6,4.6,6.0,10.0,07:14:02,1729772042,17:54:41,1729810481,0.75,Partially cloudy,Partly cloudy throughout the day.,partly-cloudy-day,"['72534014819', '72212604879', 'KORD', 'KMDW', '72530094846', 'F1983', '74466504838', 'KPWK']",obs,,24
2024-10-25,W,611655,408835,1020490,786,1729832400,19.4,9.8,13.5,19.4,7.8,13.4,7.1,67.7,18.564,100.0,37.5,['rain'],0.0,0.0,43.9,21.9,305.3,1019.1,66.8,14.8,49.6,4.2,5.0,10.0,07:15:14,1729858514,17:53:16,1729896796,0.77,"Rain, Partially cloudy",Partly cloudy throughout the day with rain clearing later.,rain,"['72534014819', '72212604879', 'KORD', 'KMDW', '72530094846', 'F1983', '74466504838', 'KPWK', 'KIGQ']",obs,,25
2024-10-26,A,427475,296326,723801,3066,1729918800,14.2,6.8,9.9,14.2,4.4,9.0,-0.2,51.1,0.0,0.0,0.0,,0.0,0.0,37.1,19.9,358.7,1030.6,34.1,16.0,58.0,5.0,6.0,10.0,07:16:26,1729944986,17:51:52,1729983112,0.81,Partially cloudy,Partly cloudy throughout the day.,partly-cloudy-day,"['72534014819', 'KORD', 'KMDW', '72530094846', 'F1983', '74466504838', 'KPWK']",obs,,26
2024-10-27,U,312965,215594,528559,7699,1730005200,14.9,3.7,9.5,14.9,3.7,9.3,-0.1,54.0,0.0,0.0,0.0,,0.0,0.0,26.6,12.6,197.3,1027.8,29.6,16.0,48.9,4.2,6.0,10.0,07:17:38,1730031458,17:50:30,1730069430,0.84,Partially cloudy,Partly cloudy throughout the day.,partly-cloudy-day,"['72534014819', 'KORD', 'KMDW', '72530094846', 'F1983', '74466504838', 'KPWK']",obs,,27
2024-10-28,W,611041,389359,1000400,186,1730091600,19.3,6.9,13.4,19.3,5.1,12.7,1.9,46.7,0.0,0.0,0.0,,0.0,0.0,48.2,24.4,165.7,1019.5,69.3,16.0,41.2,3.6,3.0,10.0,07:18:50,1730117930,17:49:09,1730155749,0.87,Partially cloudy,Partly cloudy throughout the day.,partly-cloudy-day,"['72534014819', 'KORD', 'KMDW', '72530094846', 'F1983', '74466504838', 'KPWK']",obs,,28
2024-10-29,W,652674,444706,1097380,4747,1730178000,28.2,19.2,23.4,27.9,19.2,23.3,13.0,53.1,0.0,0.0,0.0,,0.0,0.0,59.6,38.4,200.1,1012.0,83.4,16.0,40.1,3.5,5.0,10.0,07:20:03,1730204403,17:47:49,1730242069,0.91,Partially cloudy,Partly cloudy throughout the day.,partly-cloudy-day,"['72534014819', 'KORD', 'KMDW', '72530094846', 'F1983', '74466504838', 'KPWK']",obs,,29
2024-10-30,W,657942,451915,1109857,3487,1730264400,26.8,20.5,23.1,27.0,20.5,23.1,13.4,55.0,0.0,0.0,0.0,,0.0,0.0,59.5,39.6,202.4,1014.2,76.5,16.0,39.9,3.3,3.0,10.0,07:21:16,1730290876,17:46:31,1730328391,0.94,Partially cloudy,Partly cloudy throughout the day.,partly-cloudy-day,"['72534014819', 'KORD', 'KMDW', '72530094846', 'F1983', '74466504838', 'KPWK']",obs,,30
2024-10-31,W,605292,425596,1030888,4230,1730350800,22.5,7.6,16.1,22.5,3.3,15.2,9.4,65.3,0.629,100.0,12.5,['rain'],0.0,0.0,73.5,39.5,230.8,1010.0,92.5,16.0,16.9,1.4,1.0,10.0,07:22:29,1730377349,17:45:14,1730414714,0.97,"Rain, Overcast",Cloudy skies throughout the day with rain in the morning and afternoon.,rain,"['72534014819', 'KORD', 'KMDW', '72530094846', 'F1983', '74466504838', 'KPWK']",obs,,31
2024-11-01,W,618998,381782,1000780,5297,1730437200,12.0,4.2,7.6,12.0,1.7,5.8,0.4,61.3,0.0,0.0,0.0,,0.0,0.0,56.1,30.2,307.0,1024.7,29.7,16.0,56.1,4.9,6.0,10.0,07:23:42,1730463822,17:43:58,1730501038,0.0,Partially cloudy,Partly cloudy throughout the day.,partly-cloudy-day,"['72534014819', 'KORD', 'KMDW', '72530094846', 'F1983', '74466504838', 'KPWK']",obs,,32
2024-11-02,A,410559,281277,691836,8358,1730523600,14.2,4.3,8.9,14.2,2.0,8.1,2.2,64.6,0.0,0.0,0.0,,0.0,0.0,33.5,16.8,143.7,1028.4,45.7,16.0,47.5,4.1,5.0,10.0,07:24:56,1730550296,17:42:44,1730587364,0.04,Partially cloudy,Partly cloudy throughout the day.,partly-cloudy-day,"['72534014819', 'KORD', 'KMDW', '72530094846', 'F1983', '74466504838', 'KPWK']",obs,,33
2024-11-03,U,267845,227887,495732,1133,1730610000,18.1,10.6,13.9,18.1,10.6,13.9,5.4,57.0,0.696,100.0,8.33,['rain'],0.0,0.0,49.7,27.2,140.8,1018.5,97.7,16.0,11.2,1.1,1.0,10.0,06:26:09,1730636769,16:41:31,1730673691,0.08,"Rain, Overcast",Cloudy skies throughout the day with rain.,rain,"['72534014819', 'KORD', 'KMDW', '72530094846', 'F1983', '74466504838', 'KPWK']",obs,,34
2024-11-04,W,553515,383217,936732,5634,1730700000,20.5,17.7,18.8,20.5,17.7,18.8,16.2,84.7,8.832,100.0,45.83,['rain'],0.0,0.0,49.8,30.2,193.6,1010.7,99.0,13.9,8.4,0.8,0.0,10.0,06:27:23,1730723243,16:40:20,1730760020,0.11,"Rain, Overcast",Cloudy skies throughout the day with rain.,rain,"['72534014819', 'KORD', 'KMDW', '72530094846', 'F1983', '74466504838', 'KPWK']",obs,-6.0,35
2024-11-05,W,519574,379110,898684,4979,1730786400,19.7,16.6,18.2,19.7,16.6,18.2,16.2,87.9,27.928,100.0,66.67,['rain'],0.0,0.0,61.0,33.3,194.4,1006.1,95.4,12.9,8.6,0.8,1.0,10.0,06:28:37,1730809717,16:39:11,1730846351,0.15,"Rain, Overcast",Cloudy skies throughout the day with a chance of rain throughout the day.,rain,"['72534014819', 'KORD', 'KMDW', '72530094846', 'F1983', '74466504838', 'KPWK']",obs,-6.0,36
2024-11-06,W,631969,427995,1059964,2680,1730872800,16.0,10.2,11.8,16.0,10.2,11.8,7.6,75.6,0.0,0.0,0.0,,0.0,0.0,31.7,16.8,310.1,1017.5,90.2,16.0,11.1,1.0,0.0,10.0,06:29:51,1730896191,16:38:03,1730932683,0.18,Overcast,Cloudy skies throughout the day.,cloudy,"['72534014819', 'KORD', 'KMDW', '72530094846', 'F1983', '74466504838', 'KPWK']",obs,-6.0,37
2024-11-07,W,644506,450680,1095186,8160,1730959200,15.5,7.0,10.9,15.5,6.7,10.1,3.3,60.5,0.0,0.0,0.0,,0.0,0.0,24.5,14.9,308.4,1026.0,33.3,16.0,43.9,3.8,5.0,10.0,06:31:05,1730982665,16:36:57,1731019017,0.22,Partially cloudy,Partly cloudy throughout the day.,partly-cloudy-day,"['72534014819', 'KORD', 'KMDW', '72530094846', 'F1983', '74466504838', 'KPWK']",obs,-6.0,38
2024-11-08,W,601808,396291,998099,4031,1731045600,17.2,6.7,11.4,17.2,4.8,10.8,3.6,61.1,0.0,0.0,0.0,,0.0,0.0,34.9,19.4,313.1,1024.9,30.3,16.0,47.7,4.3,5.0,10.0,06:32:19,1731069139,16:35:52,1731105352,0.25,Partially cloudy,Partly cloudy throughout the day.,partly-cloudy-day,"['72534014819', 'KORD', 'KMDW', '72530094846', 'F1983', '74466504838', 'KPWK']",obs,-6.0,39
2024-11-09,A,391070,288855,679925,8088,1731132000,12.9,8.6,11.0,12.9,6.5,10.5,5.4,68.4,2.968,100.0,20.83,['rain'],0.0,0.0,38.5,18.1,117.6,1022.6,81.4,15.7,14.0,1.3,1.0,10.0,06:33:33,1731155613,16:34:49,1731191689,0.29,"Rain, Partially cloudy",Partly cloudy throughout the day with rain.,rain,"['72534014819', 'KORD', 'KMDW', '72530094846', 'F1983', '74466504838', 'KPWK']",obs,-6.0,40
2024-11-10,U,306889,232420,539309,1070,1731218400,17.1,9.8,12.5,17.1,7.6,12.3,8.6,78.1,3.047,100.0,20.83,['rain'],0.0,0.0,60.6,35.4,229.1,1010.4,92.4,12.9,33.2,2.9,3.0,10.0,06:34:48,1731242088,16:33:48,1731278028,0.32,"Rain, Overcast",Cloudy skies throughout the day with early morning rain.,rain,"['72534014819', 'KORD', 'KMDW', '72530094846', 'F1983', '74466504838', 'KPWK']",obs,-6.0,41
2024-11-11,W,556273,358572,914845,2938,1731304800,14.5,7.3,11.0,14.5,4.2,10.1,3.8,61.8,0.0,0.0,0.0,,0.0,0.0,48.6,30.9,300.0,1014.4,58.9,16.0,46.3,3.9,5.0,10.0,06:36:02,1731328562,16:32:49,1731364369,0.36,Partially cloudy,Clearing in the afternoon.,partly-cloudy-day,"['72534014819', 'KORD', 'KMDW', '72530094846', 'F1983', '74466504838', 'KPWK']",obs,-6.0,42
2024-11-12,W,640199,437888,1078087,5018,1731391200,9.7,6.1,8.0,7.6,2.9,5.2,1.7,64.9,0.0,0.0,0.0,,0.0,0.0,38.9,25.2,78.0,1025.9,64.1,16.0,36.7,3.0,3.0,10.0,06:37:16,1731415036,16:31:51,1731450711,0.39,Partially cloudy,Partly cloudy throughout the day.,partly-cloudy-day,"['72534014819', 'KORD', 'KMDW', '72530094846', 'F1983', '74466504838', 'KPWK']",obs,-6.0,43
2024-11-13,W,633647,434362,1068009,496,1731477600,11.3,4.7,8.2,11.3,1.7,6.2,2.6,69.1,8.153,100.0,25.0,['rain'],0.0,0.0,41.4,24.8,129.3,1018.8,87.3,14.0,25.4,2.1,2.0,10.0,06:38:29,1731501509,16:30:56,1731537056,0.43,"Rain, Partially cloudy",Partly cloudy throughout the day with late afternoon rain.,rain,"['72534014819', 'KORD', 'KMDW', '72530094846', 'F1983', '74466504838', 'KPWK']",obs,-6.0,44
2024-11-14,W,620448,439564,1060012,1762,1731564000,12.2,9.2,10.9,12.2,7.4,10.6,8.9,87.8,4.385,100.0,29.17,['rain'],0.0,0.0,37.1,22.7,298.9,1010.0,99.9,10.7,12.4,1.1,1.0,10.0,06:39:43,1731587983,16:30:02,1731623402,0.46,"Rain, Overcast",Cloudy skies throughout the day with rain clearing later.,rain,"['72534014819', 'KORD', 'KMDW', '72530094846', 'F1983', '74466504838', 'KPWK']",obs,-6.0,45
2024-11-15,W,603141,397040,1000181,2875,1731650400,12.0,7.8,9.9,12.0,7.2,9.1,5.3,73.5,0.0,0.0,0.0,,0.0,0.0,24.1,11.6,308.4,1019.7,84.9,15.9,13.4,1.0,1.0,10.0,06:40:56,1731674456,16:29:10,1731709750,0.5,Partially cloudy,Partly cloudy throughout the day.,partly-cloudy-day,"['72534014819', 'KORD', 'KMDW', '72530094846', 'F1983', '74466504838', 'KPWK']",obs,-6.0,46
2024-11-16,A,399551,316374,715925,8258,1731736800,11.2,6.4,9.3,11.2,5.7,8.5,4.1,70.1,0.0,0.0,0.0,,0.0,0.0,44.4,22.5,162.1,1019.1,91.3,15.9,23.2,1.9,1.0,10.0,06:42:10,1731760930,16:28:21,1731796101,0.53,Overcast,Cloudy skies throughout the day.,cloudy,"['72534014819', 'KORD', 'KMDW', '72530094846', 'F1983', '74466504838', 'KPWK']",obs,-6.0,47
2024-11-17,U,308995,233733,542728,3709,1731823200,15.4,8.1,11.6,15.4,6.0,10.7,7.8,77.6,0.24,100.0,16.67,['rain'],0.0,0.0,38.9,19.8,212.4,1013.4,86.4,15.8,29.2,2.5,2.0,10.0,06:43:22,1731847402,16:27:33,1731882453,0.56,"Rain, Partially cloudy",Partly cloudy throughout the day with late afternoon rain.,rain,"['72534014819', 'KORD', 'KMDW', '72530094846', 'F1983', '74466504838', 'KPWK']",obs,-6.0,48
2024-11-18,W,565097,383053,948150,3991,1731909600,15.8,10.3,13.0,15.8,10.3,13.0,11.3,89.7,9.245,100.0,29.17,['rain'],0.0,0.0,51.0,30.3,119.1,1010.7,95.0,8.6,6.8,0.5,0.0,10.0,06:44:35,1731933875,16:26:47,1731968807,0.59,"Rain, Overcast",Cloudy skies throughout the day with rain in the morning and afternoon.,rain,"['72534014819', 'KORD', 'KMDW', '72530094846', 'F1983', '74466504838', 'KPWK']",obs,-6.0,49
2024-11-19,W,639269,439683,1078952,3215,1731996000,17.6,9.0,14.9,17.6,7.2,14.8,9.8,71.9,2.692,100.0,20.83,['rain'],0.0,0.0,57.6,33.0,214.2,1002.0,69.2,15.0,25.6,2.2,2.0,10.0,06:45:47,1732020347,16:26:03,1732055163,0.63,"Rain, Partially cloudy",Partly cloudy throughout the day with rain clearing later.,rain,"['72534014819', 'KORD', 'KMDW', '72530094846', 'F1983', '74466504838', 'KPWK']",obs,-6.0,50
2024-11-20,W,625498,428958,1054456,6075,1732082400,9.6,1.0,5.9,7.4,-4.6,2.1,-0.7,64.2,0.583,100.0,12.5,['rain'],0.0,0.0,61.1,40.5,267.5,1009.1,84.7,14.8,32.4,2.9,2.0,10.0,06:46:59,1732106819,16:25:22,1732141522,0.66,"Rain, Partially cloudy",Partly cloudy throughout the day with rain.,rain,"['72534014819', 'KORD', 'KMDW', '72530094846', 'F1983', '74466504838', 'KPWK']",obs,-6.0,51
2024-11-21,W,539977,414493,954470,3519,1732168800,4.2,-0.8,1.4,0.3,-6.9,-3.9,-1.7,80.4,3.725,100.0,50.0,"['rain', 'snow']",10.1,2.0,56.5,36.5,298.7,1006.9,95.6,10.9,7.7,0.8,0.0,10.0,06:48:10,1732193290,16:24:42,1732227882,0.69,"Snow, Rain, Overcast",Cloudy skies throughout the day with rain or snow.,snow,"['72534014819', '72212604879', 'KORD', 'KMDW', '72530094846', 'F1983', '74466504838', 'KPWK']",obs,-6.0,52
2024-11-22,W,583958,431451,1015409,2159,1732255200,8.7,2.5,6.4,5.6,-1.0,3.0,2.5,76.2,0.0,0.0,0.0,,0.0,0.0,44.3,27.0,320.5,1015.1,94.4,16.0,18.7,1.7,1.0,10.0,06:49:20,1732279760,16:24:05,1732314245,0.75,Overcast,Cloudy skies throughout the day.,cloudy,"['72534014819', 'KORD', 'KMDW', '72530094846', 'F1983', '74466504838', 'KPWK']",obs,-6.0,53
2024-11-23,A,384030,340935,724965,4498,1732341600,6.4,3.7,5.0,3.4,0.4,2.0,1.2,76.2,0.0,0.0,0.0,,0.0,0.0,33.1,17.1,266.2,1017.2,99.5,16.0,21.0,1.8,1.0,10.0,06:50:30,1732366230,16:23:30,1732400610,0.76,Overcast,Cloudy skies throughout the day.,cloudy,"['72534014819', 'KORD', 'KMDW', '72530094846', 'F1983', '74466504838', 'KPWK']",obs,-6.0,54
2024-11-24,U,301518,222021,523539,1666,1732428000,11.3,3.2,7.3,11.3,0.2,6.0,3.2,75.7,0.0,0.0,0.0,,0.0,0.0,38.9,17.5,146.8,1013.0,95.5,14.9,29.0,2.4,2.0,10.0,06:51:40,1732452700,16:22:57,1732486977,0.79,Overcast,Cloudy skies throughout the day.,cloudy,"['72534014819', 'KORD', 'KMDW', '72530094846', 'F1983', '74466504838', 'KPWK']",obs,-6.0,55
2024-11-25,W,512387,344627,857014,7986,1732514400,11.6,3.7,9.1,11.6,-1.2,7.6,4.8,74.6,0.0,0.0,0.0,,0.0,0.0,48.9,27.0,299.4,1011.4,98.6,15.0,9.5,0.7,1.0,10.0,06:52:48,1732539168,16:22:26,1732573346,0.82,Overcast,Cloudy skies throughout the day.,cloudy,"['72534014819', 'KORD', 'KMDW', '72530094846', 'F1983', '74466504838', 'KPWK']",obs,-6.0,56
2024-11-26,W,518470,356826,875296,6138,1732600800,4.2,-3.0,1.1,1.1,-8.2,-3.2,-6.7,56.9,0.0,0.0,0.0,,0.0,0.0,42.6,28.2,263.5,1020.7,49.4,16.0,39.5,3.5,2.0,10.0,06:53:56,1732625636,16:21:58,1732659718,0.85,Partially cloudy,Becoming cloudy in the afternoon.,partly-cloudy-day,"['72534014819', 'KORD', 'KMDW', '72530094846', 'F1983', '74466504838', 'KPWK']",obs,-6.0,57
2024-11-27,W,477247,308919,786166,6924,1732687200,6.3,2.5,4.1,6.3,-0.7,2.2,-3.0,60.5,0.0,0.0,0.0,,0.0,0.0,37.1,25.6,37.5,1013.5,96.5,16.0,20.2,1.7,1.0,10.0,06:55:03,1732712103,16:21:31,1732746091,0.89,Overcast,Cloudy skies throughout the day.,cloudy,"['72534014819', 'KORD', 'KMDW', '72530094846', 'F1983', '74466504838', 'KPWK']",obs,-6.0,58
2024-11-28,U,190991,132382,323373,1768,1732773600,3.4,-2.3,-0.9,-1.5,-8.6,-6.3,-6.6,65.5,0.0,0.0,0.0,,0.0,0.0,52.3,26.0,312.1,1016.6,92.3,16.0,16.5,1.5,1.0,10.0,06:56:09,1732798569,16:21:07,1732832467,0.92,Overcast,Cloudy skies throughout the day.,cloudy,"['72534014819', 'KORD', 'KMDW', '72530094846', 'F1983', '74466504838', 'KPWK']",obs,-6.0,59
2024-11-29,W,344005,224635,568640,5562,1732860000,-1.8,-6.8,-4.5,-7.3,-13.3,-11.3,-12.1,55.5,0.0,0.0,0.0,,0.0,0.0,48.0,28.2,282.5,1021.2,84.1,15.6,23.6,2.1,1.0,10.0,06:57:15,1732885035,16:20:46,1732918846,0.95,Partially cloudy,Partly cloudy throughout the day.,partly-cloudy-day,"['72534014819', 'KORD', 'KMDW', '72530094846', 'F1983', '74466504838', 'KPWK']",obs,-6.0,60
2024-11-30,A,308864,217565,526429,2131,1732946400,-3.4,-9.6,-6.7,-9.6,-17.0,-13.3,-13.8,58.0,0.0,0.0,0.0,,0.0,0.0,39.6,25.6,267.8,1022.3,29.9,16.0,39.4,3.4,2.0,10.0,06:58:19,1732971499,16:20:26,1733005226,0.98,Partially cloudy,Partly cloudy throughout the day.,partly-cloudy-day,"['72534014819', 'KORD', 'KMDW', '72530094846', 'F1983', '74466504838', 'KPWK']",obs,-6.0,61
2024-12-01,U,251107,175212,426319,5824,1733032800,-2.5,-9.6,-6.4,-8.1,-16.6,-12.2,-13.8,56.1,0.0,0.0,0.0,,0.0,0.0,36.4,20.5,291.3,1024.9,13.3,16.0,38.1,3.2,3.0,10.0,06:59:22,1733057962,16:20:10,1733091610,0.0,Clear,Clear conditions throughout the day.,clear-day,"['72534014819', 'KORD', 'KMDW', '72530094846', 'F1983', '74466504838', 'KPWK']",obs,-6.0,62
2024-12-02,W,554092,349175,903267,2758,1733119200,-3.2,-9.6,-6.4,-8.3,-13.9,-10.9,-11.0,70.6,0.0,0.0,0.0,,0.0,0.0,31.3,17.6,292.3,1029.9,47.1,16.0,24.0,2.0,1.0,10.0,07:00:24,1733144424,16:19:55,1733177995,0.05,Partially cloudy,Partly cloudy throughout the day.,partly-cloudy-day,"['72534014819', 'KORD', 'KMDW', '72530094846', 'F1983', '74466504838', 'KPWK']",obs,-6.0,63
2024-12-03,W,607733,405908,1013641,96,1733205600,-0.2,-7.6,-4.5,-5.5,-12.3,-10.1,-9.1,70.6,0.0,0.0,0.0,,0.0,0.0,47.4,30.1,233.8,1030.3,57.8,16.0,33.0,2.7,3.0,10.0,07:01:25,1733230885,16:19:43,1733264383,0.09,Partially cloudy,Partly cloudy throughout the day.,partly-cloudy-day,"['72534014819', 'KORD', 'KMDW', '72530094846', 'F1983', '74466504838', 'KPWK']",obs,-6.0,64
2024-12-04,W,600576,411039,1011615,7171,1733292000,4.2,-6.8,-0.7,-0.5,-14.7,-7.2,-7.1,63.0,0.0,0.0,0.0,['rain'],0.3,0.0,87.4,52.4,253.2,1009.3,70.4,15.4,16.3,1.4,1.0,10.0,07:02:25,1733317345,16:19:33,1733350773,0.12,Partially cloudy,Partly cloudy throughout the day.,wind,"['72534014819', 'KORD', 'KMDW', '72530094846', 'F1983', '74466504838', 'KPWK']",obs,-6.0,65
2024-12-05,W,564481,401576,966057,6432,1733378400,-1.7,-10.8,-6.3,-6.6,-20.5,-13.6,-14.5,52.4,0.0,0.0,0.0,['snow'],0.8,0.0,57.9,37.6,303.8,1025.9,31.8,16.0,41.9,3.5,4.0,10.0,07:03:23,1733403803,16:19:25,1733437165,0.16,Partially cloudy,Becoming cloudy in the afternoon.,partly-cloudy-day,"['72534014819', 'KORD', 'KMDW', '72530094846', 'F1983', '74466504838', 'KPWK']",obs,-6.0,66
2024-12-06,W,559457,371522,930979,7927,1733464800,-0.1,-9.3,-4.3,-5.0,-15.5,-9.7,-12.8,53.5,0.0,0.0,0.0,,0.0,0.0,43.4,26.8,236.5,1027.0,39.4,16.0,34.6,2.8,3.0,10.0,07:04:20,1733490260,16:19:20,1733523560,0.19,Partially cloudy,Partly cloudy throughout the day.,partly-cloudy-day,"['72534014819', 'KORD', 'KMDW', '72530094846', 'F1983', '74466504838', 'KPWK']",obs,-6.0,67
2024-12-07,A,384908,286352,671260,6321,1733551200,10.3,-3.8,3.1,10.3,-8.8,-0.8,-6.8,48.8,0.0,0.0,0.0,,0.0,0.0,51.8,31.1,222.0,1015.2,64.2,16.0,29.3,2.7,2.0,10.0,07:05:15,1733576715,16:19:18,1733609958,0.23,Partially cloudy,Partly cloudy throughout the day.,partly-cloudy-day,"['72534014819', 'KORD', 'KMDW', '72530094846', 'F1983', '74466504838', 'KPWK']",obs,-6.0,68
2024-12-08,U,310160,216292,526452,254,1733637600,13.1,4.7,8.9,13.1,1.6,7.4,1.7,61.3,0.0,0.0,0.0,,0.0,0.0,48.3,22.0,218.8,1007.8,44.7,15.9,28.1,2.4,2.0,10.0,07:06:10,1733663170,16:19:17,1733696357,0.25,Partially cloudy,Partly cloudy throughout the day.,partly-cloudy-day,"['72534014819', 'KORD', 'KMDW', '72530094846', 'F1983', '74466504838', 'KPWK']",obs,-6.0,69
2024-12-09,W,585535,364276,949811,2940,1733724000,12.3,6.9,9.6,12.3,3.1,7.6,2.0,62.1,0.0,0.0,0.0,,0.0,0.0,46.4,26.0,245.9,1006.8,74.8,15.1,23.5,2.0,1.0,10.0,07:07:02,1733749622,16:19:19,1733782759,0.3,Partially cloudy,Partly cloudy throughout the day.,partly-cloudy-day,"['72534014819', 'KORD', 'KMDW', '72530094846', 'F1983', '74466504838', 'KPWK']",obs,-6.0,70
2024-12-10,W,597740,406353,1004093,770,1733810400,6.7,-0.8,1.3,4.0,-6.7,-2.7,-4.8,64.1,0.0,0.0,0.0,,0.0,0.0,35.3,24.0,293.8,1013.6,89.8,16.0,10.3,0.9,1.0,10.0,07:07:53,1733836073,16:19:24,1733869164,0.34,Partially cloudy,Partly cloudy throughout the day.,partly-cloudy-day,"['72534014819', 'KORD', 'KMDW', '72530094846', 'F1983', '74466504838', 'KPWK']",obs,-6.0,71
2024-12-11,W,580091,398016,978107,5890,1733896800,0.4,-9.8,-2.9,-5.1,-18.7,-9.0,-10.3,57.4,0.0,0.0,0.0,['snow'],2.0,0.0,59.9,34.0,273.2,1014.6,79.1,15.9,16.8,1.4,1.0,10.0,07:08:43,1733922523,16:19:31,1733955571,0.37,Partially cloudy,Partly cloudy throughout the day.,partly-cloudy-day,"['72534014819', 'KORD', 'KMDW', '72530094846', 'F1983', '74466504838', 'KPWK']",obs,-6.0,72
2024-12-12,W,481459,350852,832311,8560,1733983200,-9.0,-15.2,-11.6,-14.3,-24.8,-19.3,-20.9,46.3,0.0,0.0,0.0,,0.0,0.0,53.3,31.9,273.7,1030.0,62.3,16.0,23.9,2.2,2.0,10.0,07:09:30,1734008970,16:19:40,1734041980,0.41,Partially cloudy,Partly cloudy throughout the day.,partly-cloudy-day,"['72534014819', 'KORD', 'KMDW', '72530094846', 'F1983', '74466504838', 'KPWK']",obs,-6.0,73
2024-12-13,W,521773,360766,882539,5317,1734069600,-2.4,-13.2,-7.1,-7.0,-20.0,-12.2,-14.1,57.5,0.0,0.0,0.0,,0.0,0.0,33.1,19.1,59.5,1038.8,54.0,16.0,22.6,2.0,1.0,10.0,07:10:16,1734095416,16:19:52,1734128392,0.44,Partially cloudy,Partly cloudy throughout the day.,partly-cloudy-day,"['72534014819', 'KORD', 'KMDW', '72530094846', 'F1983', '74466504838', 'KPWK']",obs,-6.0,74
2024-12-14,A,347954,262799,610753,7019,1734156000,4.5,-3.4,0.9,1.2,-8.6,-3.8,-5.2,64.7,4.627,100.0,29.17,['rain'],0.1,0.0,42.5,26.2,115.7,1032.6,86.7,14.5,18.2,1.5,1.0,10.0,07:11:01,1734181861,16:20:05,1734214805,0.48,"Rain, Partially cloudy",Partly cloudy throughout the day with rain or snow.,snow,"['72534014819', 'KORD', 'KMDW', '72530094846', 'F1983', '74466504838', 'KPWK']",obs,-6.0,75
2024-12-15,U,277186,198006,475192,1640,1734242400,7.6,4.1,6.1,6.0,0.2,3.9,4.8,91.6,1.892,100.0,20.83,['rain'],0.0,0.2,45.0,17.8,173.2,1021.2,100.0,7.3,8.3,0.7,0.0,10.0,07:11:43,1734268303,16:20:22,1734301222,0.5,"Rain, Overcast",Cloudy skies throughout the day with early morning rain.,rain,"['72534014819', 'KORD', 'KMDW', '72530094846', 'F1983', '74466504838', 'KPWK']",obs,-6.0,76
2024-12-16,W,551435,342529,893964,7887,1734328800,11.4,3.4,7.5,11.4,-1.1,5.1,5.5,87.4,0.511,100.0,12.5,['rain'],0.0,0.0,51.7,32.8,233.5,1014.0,88.5,9.5,11.1,0.9,1.0,10.0,07:12:23,1734354743,16:20:40,1734387640,0.54,"Rain, Partially cloudy",Partly cloudy throughout the day with rain clearing later.,rain,"['72534014819', 'KORD', 'KMDW', '72530094846', 'F1983', '74466504838', 'KPWK']",obs,-6.0,77
2024-12-17,W,582711,391307,974018,8047,1734415200,4.0,1.2,2.4,1.8,-3.7,-0.8,-1.7,74.4,0.0,0.0,0.0,,0.0,0.0,38.4,24.9,262.1,1023.0,71.1,16.0,23.7,2.1,1.0,10.0,07:13:02,1734441182,16:21:01,1734474061,0.58,Partially cloudy,Partly cloudy throughout the day.,partly-cloudy-day,"['72534014819', 'KORD', 'KMDW', '72530094846', 'F1983', '74466504838', 'KPWK']",obs,-6.0,78
2024-12-18,W,577854,382314,960168,4578,1734501600,2.3,-3.0,0.2,-1.2,-7.6,-4.3,-4.8,69.5,0.0,0.0,0.0,,0.0,0.0,40.7,23.7,323.5,1026.4,88.3,15.2,15.3,1.4,1.0,10.0,07:13:39,1734527619,16:21:25,1734560485,0.61,Partially cloudy,Partly cloudy throughout the day.,partly-cloudy-day,"['72534014819', 'KORD', 'KMDW', '72530094846', 'F1983', '74466504838', 'KPWK']",obs,-6.0,79
2024-12-19,W,552524,373795,926319,7568,1734588000,1.0,-3.1,-1.1,-2.1,-6.6,-4.7,-6.5,67.2,1.073,100.0,20.83,"['rain', 'snow']",0.7,0.1,43.7,23.4,167.6,1023.7,96.7,13.1,16.4,1.5,1.0,10.0,07:14:13,1734614053,16:21:50,1734646910,0.64,"Snow, Rain, Overcast",Cloudy skies throughout the day with late afternoon rain or snow.,snow,"['72534014819', 'KORD', 'KMDW', '72530094846', 'F1983', '74466504838', 'KPWK']",obs,-6.0,80
2024-12-20,W,509530,326711,836241,208,1734674400,1.5,-4.2,-0.1,1.0,-10.6,-5.3,-3.9,75.9,0.974,100.0,16.67,"['rain', 'snow']",4.9,0.6,58.2,34.1,350.9,1022.5,81.0,12.0,17.4,1.5,3.0,10.0,07:14:46,1734700486,16:22:18,1734733338,0.67,"Snow, Rain, Partially cloudy",Partly cloudy throughout the day with rain or snow clearing later.,snow,"['72534014819', 'KORD', 'KMDW', '72530094846', 'F1983', '74466504838', 'KPWK']",obs,-6.0,81
2024-12-21,A,346988,234439,581427,4753,1734760800,-3.2,-8.6,-5.7,-3.2,-14.4,-9.8,-12.0,62.3,0.0,0.0,0.0,,0.0,0.7,36.0,16.9,331.4,1032.5,43.0,16.0,24.5,2.1,1.0,10.0,07:15:16,1734786916,16:22:47,1734819767,0.7,Partially cloudy,Partly cloudy throughout the day.,partly-cloudy-day,"['72534014819', 'KORD', 'KMDW', '72530094846', 'F1983', '74466504838', 'KPWK']",obs,-6.0,82
2024-12-22,U,271433,188272,459705,3942,1734847200,1.0,-8.3,-2.8,-3.5,-11.7,-6.7,-7.8,68.9,0.0,0.0,0.0,,0.0,0.5,53.5,28.1,173.2,1028.8,68.3,16.0,22.5,2.1,1.0,10.0,07:15:45,1734873345,16:23:19,1734906199,0.75,Partially cloudy,Partly cloudy throughout the day.,partly-cloudy-day,"['72534014819', 'KORD', 'KMDW', '72530094846', 'F1983', '74466504838', 'KPWK']",obs,-6.0,83
2024-12-23,W,425982,267754,693736,8031,1734933600,5.0,0.5,2.8,4.6,-5.3,-1.1,-2.7,67.2,0.0,0.0,0.0,,0.0,0.3,47.9,27.0,205.3,1020.2,96.5,16.0,5.8,0.5,0.0,10.0,07:16:11,1734959771,16:23:54,1734992634,0.77,Overcast,Cloudy skies throughout the day.,cloudy,"['72534014819', 'KORD', 'KMDW', '72530094846', 'F1983', '74466504838', 'KPWK']",obs,-6.0,84
2024-12-24,W,341225,181487,522712,8446,1735020000,3.6,1.1,2.3,1.3,-2.9,-1.0,-2.4,71.3,0.0,0.0,0.0,,0.0,0.0,28.4,22.2,13.1,1027.1,97.0,14.4,18.9,1.5,1.0,10.0,07:16:35,1735046195,16:24:30,1735079070,0.8,Overcast,Cloudy skies throughout the day.,cloudy,"['72534014819', 'KORD', 'KMDW', '72530094846', 'F1983', '74466504838', 'KPWK']",obs,-6.0,85
2024-12-25,U,146592,86287,232879,7585,1735106400,3.9,1.3,2.6,1.6,-1.3,0.0,-1.0,77.2,0.0,0.0,0.0,,0.0,0.0,26.3,16.3,80.4,1025.9,100.0,12.1,13.0,1.1,1.0,10.0,07:16:57,1735132617,16:25:08,1735165508,0.83,Overcast,Cloudy skies throughout the day.,cloudy,"['72534014819', 'KORD', 'KMDW', '72530094846', 'F1983', '74466504838', 'KPWK']",obs,-6.0,86
2024-12-26,W,366721,225335,592056,189,1735192800,9.2,3.7,7.1,7.5,1.9,5.2,5.5,89.3,0.584,100.0,16.67,['rain'],0.0,0.0,38.9,17.4,150.2,1021.9,100.0,6.7,9.2,0.8,1.0,10.0,07:17:16,1735219036,16:25:48,1735251948,0.87,"Rain, Overcast",Cloudy skies throughout the day with rain.,rain,"['72534014819', 'KORD', 'KMDW', '72530094846', 'F1983', '74466504838', 'KPWK']",obs,-6.0,87
2024-12-27,W,394689,245475,640164,3176,1735279200,11.5,8.2,9.5,11.5,6.3,8.2,7.3,86.3,5.324,100.0,45.83,['rain'],0.0,0.0,38.9,21.3,139.8,1011.4,99.9,10.9,7.0,0.7,0.0,10.0,07:17:33,1735305453,16:26:31,1735338391,0.9,"Rain, Overcast",Cloudy skies throughout the day with rain.,rain,"['72534014819', 'KORD', 'KMDW', '72530094846', 'F1983', '74466504838', 'KPWK']",obs,-6.0,88
2024-12-28,A,348599,222891,571490,24,1735365600,11.4,7.7,9.7,11.4,5.4,8.8,6.3,79.5,0.279,100.0,12.5,['rain'],0.0,0.0,62.4,31.5,233.4,1012.5,88.6,15.1,21.1,1.9,1.0,10.0,07:17:48,1735391868,16:27:15,1735424835,0.93,"Rain, Partially cloudy",Partly cloudy throughout the day with early morning rain.,rain,"['72534014819', 'KORD', 'KMDW', '72530094846', 'F1983', '74466504838', 'KPWK']",obs,-6.0,89
2024-12-29,U,231003,158657,389660,1860,1735452000,8.6,3.0,6.4,6.7,-1.3,3.4,4.5,87.6,13.349,100.0,50.0,['rain'],0.0,0.0,41.8,23.9,4.3,1006.3,97.6,12.3,2.7,0.1,0.0,10.0,07:18:01,1735478281,16:28:01,1735511281,0.96,"Rain, Overcast",Cloudy skies throughout the day with a chance of rain throughout the day.,rain,"['72534014819', 'KORD', 'KMDW', '72530094846', 'F1983', '74466504838', 'KPWK']",obs,-6.0,90
2024-12-30,W,447644,285475,733119,4470,1735538400,5.3,0.8,3.3,4.4,-3.3,0.7,0.7,83.6,0.0,0.0,0.0,,0.0,0.0,26.3,18.9,255.8,1008.3,81.0,14.3,33.5,2.8,2.0,10.0,07:18:12,1735564692,16:28:49,1735597729,0.0,Partially cloudy,Partly cloudy throughout the day.,partly-cloudy-day,"['72534014819', 'KORD', 'KMDW', '72530094846', 'F1983', '74466504838', 'KPWK']",obs,-6.0,91
2024-12-31,W,386206,281447,667653,4901,1735624800,5.6,2.0,3.9,2.6,-3.0,-0.7,1.2,82.8,12.695,100.0,70.83,['rain'],0.0,0.0,55.0,35.3,8.3,1007.1,99.9,13.9,7.4,0.7,0.0,10.0,07:18:20,1735651100,16:29:38,1735684178,0.03,"Rain, Overcast",Cloudy skies throughout the day with a chance of rain throughout the day.,rain,"['72534014819', 'USW00014819', 'KORD', 'KMDW', '72530094846', 'F1983', '74466504838', 'KPWK']",obs,-6.0,92
2025-01-01,U,225009,190989,415998,8767,1735711200,1.9,-4.0,-1.0,-2.2,-10.9,-6.9,-7.1,63.5,0.737,100.0,4.17,"['rain', 'snow']",0.0,0.0,49.0,28.8,279.8,1019.8,96.8,15.9,16.8,1.3,1.0,10.0,07:18:25,1735737505,16:30:30,1735770630,0.06,"Snow, Rain, Overcast",Cloudy skies throughout the day with morning rain or snow.,rain,"['72534014819', 'USW00014819', 'KORD', 'KMDW', '72530094846', 'F1983', '74466504838', 'KPWK']",obs,-6.0,93
2025-01-02,W,422094,279791,701885,8768,1735797600,0.4,-4.0,-2.0,-3.1,-10.2,-7.0,-8.8,60.8,0.025,100.0,4.17,"['rain', 'snow']",0.3,0.0,38.9,20.6,274.8,1024.5,88.7,15.2,29.9,2.6,3.0,10.0,07:18:29,1735823909,16:31:23,1735857083,0.1,"Snow, Rain, Partially cloudy",Partly cloudy throughout the day with late afternoon rain or snow.,snow,"['72534014819', 'USW00014819', 'KORD', 'KMDW', '72530094846', 'F1983', '74466504838']",obs,-6.0,94
2025-01-03,W,431350,283675,715025,8769,1735884000,-3.0,-6.8,-4.5,-8.2,-13.2,-10.9,-11.8,57.5,0.0,0.0,0.0,['snow'],0.8,0.0,47.9,29.3,296.4,1025.4,50.2,15.9,29.0,2.6,2.0,10.0,07:18:30,1735910310,16:32:18,1735943538,0.14,Partially cloudy,Partly cloudy throughout the day.,partly-cloudy-day,"['72534014819', 'USW00014819', 'KORD', 'KMDW', '72530094846', 'F1983', '74466504838']",obs,-6.0,95
2025-01-04,A,313164,211604,524768,8770,1735970400,-3.9,-10.2,-7.1,-8.7,-17.2,-13.2,-16.9,46.8,0.0,0.0,0.0,,0.0,0.0,42.8,19.5,296.2,1028.2,42.5,16.0,32.6,3.0,2.0,10.0,07:18:29,1735996709,16:33:14,1736029994,0.17,Partially cloudy,Becoming cloudy in the afternoon.,partly-cloudy-day,"['72534014819', 'USW00014819', 'KORD', 'KMDW', '72530094846', 'F1983', '74466504838']",obs,-6.0,96
2025-01-05,U,239450,153014,392464,8771,1736056800,-2.6,-8.5,-6.2,-6.9,-14.2,-11.6,-14.7,52.8,0.152,100.0,8.33,['snow'],0.3,0.0,43.2,23.6,357.0,1024.0,90.8,15.2,23.5,2.0,1.0,10.0,07:18:25,1736083105,16:34:11,1736116451,0.21,"Snow, Overcast",Cloudy skies throughout the day with late afternoon snow.,snow,"['72534014819', 'USW00014819', 'KORD', 'KMDW', '72530094846', 'F1983', '74466504838', 'KPWK']",obs,-6.0,97
2025-01-06,W,480075,318068,798143,8772,1736143200,-0.4,-5.2,-2.6,-6.7,-11.9,-9.1,-6.1,76.8,0.068,100.0,8.33,"['rain', 'snow']",7.0,0.0,53.6,32.8,357.5,1022.3,99.2,13.6,12.7,1.0,1.0,10.0,07:18:19,1736169499,16:35:11,1736202911,0.25,"Snow, Rain, Overcast",Cloudy skies throughout the day with afternoon rain or snow.,snow,"['72534014819', 'USW00014819', 'KORD', 'KMDW', '72530094846', 'F1983', '74466504838', 'KPWK']",obs,-6.0,98
2025-01-07,W,539070,371290,910360,8773,1736229600,-2.9,-8.5,-5.5,-6.1,-13.5,-10.3,-11.5,63.3,0.0,0.0,0.0,['snow'],1.5,0.0,32.4,21.0,318.3,1031.3,66.2,16.0,35.0,3.2,1.0,10.0,07:18:11,1736255891,16:36:11,1736289371,0.28,Partially cloudy,Partly cloudy throughout the day.,partly-cloudy-day,"['72534014819', 'USW00014819', 'KORD', 'KMDW', '72530094846', 'F1983', '74466504838']",obs,-6.0,99
2025-01-08,W,544855,373118,917973,8774,1736316000,-3.1,-9.5,-6.2,-7.0,-14.7,-10.5,-13.4,57.4,0.0,0.0,0.0,,0.0,0.3,31.0,17.6,301.3,1027.8,47.2,16.0,29.7,2.6,1.0,10.0,07:18:00,1736342280,16:37:13,1736375833,0.31,Partially cloudy,Partly cloudy throughout the day.,partly-cloudy-day,"['72534014819', 'USW00014819', 'KORD', 'KMDW', '72530094846', 'F1983', '74466504838']",obs,-6.0,100
2025-01-09,W,550177,368934,919111,8775,1736402400,-2.0,-9.6,-6.0,-7.5,-13.9,-10.8,-13.0,58.5,0.0,0.0,0.0,['snow'],0.5,0.5,50.0,22.2,202.5,1024.6,34.4,16.0,35.4,3.2,2.0,10.0,07:17:47,1736428667,16:38:16,1736462296,0.35,Partially cloudy,Partly cloudy throughout the day.,partly-cloudy-day,"['72534014819', 'USW00014819', 'KORD', 'KMDW', '72530094846', 'F1983', '74466504838']",obs,-6.0,101
2025-01-10,W,494608,312132,806740,8776,1736488800,-1.2,-6.2,-2.9,-4.6,-13.2,-7.7,-5.9,79.8,1.599,100.0,41.67,"['rain', 'snow']",1.7,1.9,37.4,21.5,223.2,1013.2,98.1,6.7,7.9,0.7,0.0,10.0,07:17:32,1736515052,16:39:21,1736548761,0.39,"Snow, Rain, Overcast",Cloudy skies throughout the day with rain or snow in the morning and afternoon.,snow,"['72534014819', 'USW00014819', 'KORD', 'KMDW', '72530094846', 'F1983', '74466504838']",obs,-6.0,102
2025-01-11,A,341087,226653,567740,8777,1736575200,0.4,-2.9,-1.4,-3.7,-8.1,-5.8,-5.9,71.4,0.0,0.0,0.0,,0.0,2.5,37.1,20.1,243.7,1010.4,93.6,15.1,34.1,3.0,2.0,10.0,07:17:14,1736601434,16:40:26,1736635226,0.42,Overcast,Cloudy skies throughout the day.,cloudy,"['72534014819', 'USW00014819', 'KORD', 'KMDW', '72530094846', 'F1983', '74466504838']",obs,-6.0,103
2025-01-12,U,247097,163835,410932,8778,1736661600,2.0,-5.1,-0.9,-3.6,-12.9,-6.9,-5.0,74.1,0.626,100.0,16.67,"['rain', 'snow']",0.8,3.1,51.6,34.9,228.7,1010.4,96.7,12.1,10.4,0.8,1.0,10.0,07:16:54,1736687814,16:41:33,1736721693,0.46,"Snow, Rain, Overcast",Cloudy skies throughout the day with morning rain or snow.,snow,"['72534014819', 'USW00014819', 'KORD', 'KMDW', '72530094846', 'F1983', '74466504838', 'KPWK']",obs,-6.0,104
2025-01-13,W,520841,342573,863414,8779,1736748000,-6.4,-12.3,-9.2,-13.9,-21.9,-17.1,-15.7,59.7,0.0,0.0,0.0,,0.0,1.4,44.9,29.7,265.0,1021.6,15.4,16.0,49.1,4.3,3.0,10.0,07:16:32,1736774192,16:42:41,1736808161,0.5,Clear,Clear conditions throughout the day.,clear-day,"['72534014819', 'USW00014819', 'KORD', 'KMDW', '72530094846', 'F1983', '74466504838']",obs,-6.0,105
2025-01-14,W,535915,381845,917760,8780,1736834400,-8.4,-11.9,-9.8,-13.9,-20.0,-16.4,-15.9,61.9,0.057,100.0,4.17,['snow'],0.5,1.7,50.8,29.3,289.2,1027.8,51.2,13.5,44.9,3.8,3.0,10.0,07:16:07,1736860567,16:43:49,1736894629,0.53,"Snow, Partially cloudy",Clearing in the afternoon with morning snow.,snow,"['72534014819', 'USW00014819', 'KORD', 'KMDW', '72530094846', 'F1983', '74466504838']",obs,-6.0,106
2025-01-15,W,548773,379995,928768,8781,1736920800,-6.9,-15.0,-10.6,-14.3,-21.8,-17.7,-16.4,62.9,0.0,0.0,0.0,,0.0,2.4,49.0,28.0,228.0,1029.5,39.7,15.5,48.3,4.2,3.0,10.0,07:15:41,1736946941,16:44:59,1736981099,0.56,Partially cloudy,Becoming cloudy in the afternoon.,partly-cloudy-day,"['72534014819', 'USW00014819', 'KORD', 'KMDW', '72530094846', 'F1983', '74466504838']",obs,-6.0,107
2025-01-16,W,580058,395025,975083,8782,1737007200,3.6,-7.3,-0.8,-0.1,-14.6,-5.8,-6.5,65.7,0.054,100.0,4.17,['snow'],0.2,2.4,42.5,26.4,270.7,1014.2,86.0,15.0,28.2,2.5,3.0,10.0,07:15:12,1737033312,16:46:09,1737067569,0.59,"Snow, Partially cloudy",Partly cloudy throughout the day with early morning snow.,snow,"['72534014819', 'USW00014819', 'KORD', 'KMDW', '72530094846', 'F1983', '74466504838', 'KPWK']",obs,-6.0,108
2025-01-17,W,566655,350717,917372,8783,1737093600,8.0,-2.9,2.7,3.4,-7.2,-1.6,-3.4,65.0,0.0,0.0,0.0,,0.0,0.0,62.8,38.1,201.4,1007.6,52.3,16.0,39.8,3.4,2.0,10.0,07:14:40,1737119680,16:47:21,1737154041,0.62,Partially cloudy,Partly cloudy throughout the day.,partly-cloudy-day,"['72534014819', 'USW00014819', 'KORD', 'KMDW', '72530094846', 'F1983', '74466504838']",obs,-6.0,109
2025-01-18,A,352875,235950,588825,8784,1737180000,5.3,-7.1,-0.9,1.9,-14.8,-6.4,-10.4,49.3,0.0,0.0,0.0,,0.0,0.0,54.4,33.6,336.5,1013.1,86.0,16.0,47.0,4.1,4.0,10.0,07:14:07,1737206047,16:48:33,1737240513,0.65,Partially cloudy,Partly cloudy throughout the day.,partly-cloudy-day,"['72534014819', 'USW00014819', 'KORD', 'KMDW', '72530094846', 'F1983', '74466504838']",obs,-6.0,110
2025-01-19,U,220064,146185,366249,8785,1737266400,-8.3,-16.3,-12.9,-16.8,-26.4,-21.9,-22.8,43.4,0.0,0.0,0.0,,0.0,0.0,43.9,26.8,315.2,1025.8,57.1,16.0,54.9,4.7,5.0,10.0,07:13:31,1737292411,16:49:45,1737326985,0.69,Partially cloudy,Clearing in the afternoon.,partly-cloudy-day,"['72534014819', 'USW00014819', '72212604879', 'KORD', 'KMDW', '72530094846', 'F1983', '74466504838']",obs,-6.0,111
2025-01-20,W,255814,164914,420728,8786,1737352800,-11.0,-18.1,-14.9,-19.9,-28.1,-23.9,-23.8,47.3,0.0,0.0,0.0,,0.0,0.0,48.2,29.7,275.4,1033.7,37.2,15.8,49.6,4.3,4.0,10.0,07:12:54,1737378774,16:50:59,1737413459,0.72,Partially cloudy,Becoming cloudy in the afternoon.,partly-cloudy-day,"['72534014819', 'USW00014819', '72212604879', 'KORD', 'KMDW', '72530094846', 'F1983', '74466504838', 'KPWK']",obs,-6.0,112
2025-01-21,W,294363,209433,503796,8787,1737439200,-16.7,-21.3,-18.5,-25.6,-32.4,-28.7,-27.0,47.6,0.0,0.0,0.0,,0.0,0.0,41.3,26.8,260.1,1036.0,18.4,16.0,59.1,5.0,4.0,10.0,07:12:14,1737465134,16:52:13,1737499933,0.75,Clear,Clear conditions throughout the day.,clear-day,"['72534014819', 'USW00014819', '72212604879', 'KORD', 'KMDW', '72530094846', 'F1983', 'KPWK', '74466504838']",obs,-6.0,113
2025-01-22,W,502247,348428,850675,8788,1737525600,-3.9,-17.8,-9.5,-8.6,-28.5,-17.6,-16.4,57.7,0.108,100.0,8.33,['snow'],0.3,0.0,50.0,32.1,204.7,1023.5,93.3,13.3,23.9,2.0,1.0,10.0,07:11:32,1737551492,16:53:27,1737586407,0.78,"Snow, Overcast",Cloudy skies throughout the day with snow.,snow,"['72534014819', 'USW00014819', 'KORD', 'KMDW', '72530094846', 'F1983', '74466504838', 'KPWK']",obs,-6.0,114
2025-01-23,W,560708,380982,941690,8789,1737612000,-3.5,-11.9,-6.9,-8.9,-18.1,-13.3,-12.4,65.8,0.029,100.0,4.17,['snow'],0.6,0.3,48.2,25.2,294.7,1023.5,36.3,13.1,53.0,4.6,5.0,10.0,07:10:48,1737637848,16:54:42,1737672882,0.81,"Snow, Partially cloudy",Partly cloudy throughout the day with early morning snow.,snow,"['72534014819', 'USW00014819', 'KORD', 'KMDW', '72530094846', 'F1983', '74466504838', 'KPWK']",obs,-6.0,115
2025-01-24,W,517992,316577,834569,8790,1737698400,-5.1,-15.9,-9.9,-11.4,-21.7,-16.2,-16.4,60.7,0.0,0.0,0.0,,0.0,0.0,40.4,24.8,219.4,1025.3,28.8,16.0,54.0,4.7,4.0,10.0,07:10:02,1737724202,16:55:58,1737759358,0.85,Partially cloudy,Partly cloudy throughout the day.,partly-cloudy-day,"['72534014819', 'USW00014819', 'KORD', 'KMDW', '72530094846', 'F1983', '74466504838']",obs,-6.0,116
2025-01-25,A,353449,229265,582714,8791,1737784800,5.9,-5.2,-0.5,1.2,-11.8,-6.2,-9.0,53.5,0.0,0.0,0.0,,0.0,0.0,61.0,38.4,249.7,1020.6,85.3,16.0,56.1,4.8,4.0,10.0,07:09:14,1737810554,16:57:13,1737845833,0.88,Partially cloudy,Partly cloudy throughout the day.,partly-cloudy-day,"['72534014819', 'USW00014819', 'KORD', 'KMDW', '72530094846', 'F1983', '74466504838']",obs,-6.0,117
2025-01-26,U,263357,167555,430912,8792,1737871200,-0.1,-6.9,-3.8,-4.8,-13.2,-8.7,-12.6,51.1,0.0,0.0,0.0,,0.0,0.0,42.5,22.4,276.7,1027.0,61.6,16.0,56.6,4.9,4.0,10.0,07:08:24,1737896904,16:58:30,1737932310,0.91,Partially cloudy,Partly cloudy throughout the day.,partly-cloudy-day,"['72534014819', 'USW00014819', 'KORD', 'KMDW', '72530094846', 'F1983', '74466504838']",obs,-6.0,118
2025-01-27,W,557840,346652,904492,8793,1737957600,6.7,-7.6,0.0,2.4,-14.1,-5.5,-11.9,42.4,0.0,0.0,0.0,,0.0,0.0,63.0,39.2,247.3,1014.1,27.6,16.0,64.7,5.7,5.0,10.0,07:07:32,1737983252,16:59:46,1738018786,0.94,Partially cloudy,Partly cloudy throughout the day.,partly-cloudy-day,"['72534014819', 'USW00014819', 'KORD', 'KMDW', '72530094846', 'F1983', '74466504838']",obs,-6.0,119
2025-01-28,W,600629,398829,999458,8794,1738044000,8.9,-1.8,4.2,5.3,-5.2,0.3,-5.9,48.7,0.0,0.0,0.0,,0.0,0.0,63.0,36.1,249.6,1006.0,21.7,16.0,54.7,4.8,4.0,10.0,07:06:39,1738069599,17:01:03,1738105263,0.98,Partially cloudy,Partly cloudy throughout the day.,partly-cloudy-day,"['72534014819', 'USW00014819', 'KORD', 'KMDW', '72530094846', 'F1983', '74466504838']",obs,-6.0,120
2025-01-29,W,600988,399561,1000549,8795,1738130400,8.7,2.6,5.2,5.4,-1.8,1.8,-5.3,47.3,0.0,0.0,0.0,,0.0,0.0,47.3,28.1,283.5,1011.8,29.2,16.0,60.8,5.2,4.0,10.0,07:05:43,1738155943,17:02:20,1738191740,0.0,Partially cloudy,Partly cloudy throughout the day.,partly-cloudy-day,"['72534014819', 'USW00014819', 'KORD', 'KMDW', '72530094846', 'F1983', '74466504838']",obs,-6.0,121
2025-01-30,W,597148,395576,992724,8796,1738216800,9.6,-1.6,4.1,6.3,-3.7,1.8,-1.9,67.2,6.744,100.0,29.17,['rain'],0.0,0.0,43.1,26.7,202.6,1013.9,60.2,13.1,36.9,3.3,3.0,10.0,07:04:46,1738242286,17:03:37,1738278217,0.04,"Rain, Partially cloudy",Partly cloudy throughout the day with rain.,rain,"['72534014819', 'USW00014819', 'KORD', 'KMDW', '72530094846', 'F1983', '74466504838', 'KPWK']",obs,-6.0,122
2025-01-31,W,504505,309032,813537,8797,1738303200,4.9,1.6,3.7,3.6,-4.1,-0.5,1.4,85.5,20.541,100.0,58.33,['rain'],0.0,0.0,51.8,36.6,29.9,1009.9,84.2,7.9,8.3,0.7,1.0,10.0,07:03:47,1738328627,17:04:54,1738364694,0.08,"Rain, Partially cloudy",Partly cloudy throughout the day with a chance of rain throughout the day.,rain,"['72534014819', 'USW00014819', 'KORD', 'KMDW', '72530094846', 'F1983', '74466504838', 'KPWK']",obs,-6.0,123
2025-02-01,A,375592,231851,607443,8798,1738389600,1.5,-0.9,0.1,-3.7,-6.9,-5.3,-6.0,63.8,0.0,0.0,0.0,,0.0,0.0,42.5,27.2,76.3,1025.7,90.8,16.0,45.4,3.9,2.0,10.0,07:02:46,1738414966,17:06:12,1738451172,0.11,Overcast,Cloudy skies throughout the day.,cloudy,"['72534014819', 'USW00014819', 'KORD', 'KMDW', '72530094846', 'F1983', '74466504838', 'KPWK']",obs,-6.0,124
2025-02-02,U,276799,172094,448893,8799,1738476000,6.8,-0.1,3.8,6.8,-5.9,0.7,-0.1,75.8,0.0,0.0,0.0,,0.0,0.0,41.4,24.3,187.6,1016.0,98.4,15.5,24.5,2.2,2.0,10.0,07:01:43,1738501303,17:07:29,1738537649,0.15,Overcast,Cloudy skies throughout the day.,cloudy,"['72534014819', 'USW00014819', 'KORD', 'KMDW', '72530094846', 'F1983', '74466504838']",obs,-6.0,125
2025-02-03,W,561089,344871,905960,8800,1738562400,7.9,1.4,4.6,6.0,-4.1,1.4,2.2,84.5,0.0,0.0,0.0,,0.0,0.0,50.0,29.3,6.9,1013.5,96.3,11.3,13.2,1.3,1.0,10.0,07:00:39,1738587639,17:08:46,1738624126,0.19,Overcast,Cloudy skies throughout the day.,cloudy,"['72534014819', 'USW00014819', 'KORD', 'KMDW', '72530094846', 'F1983', '74466504838', 'KPWK']",obs,-6.0,126
2025-02-04,W,601920,397482,999402,8801,1738648800,1.0,-4.3,-2.4,-4.0,-11.2,-8.3,-8.2,64.6,0.0,0.0,0.0,,0.0,0.0,48.6,29.2,5.7,1029.9,79.1,15.9,23.6,2.1,1.0,10.0,06:59:33,1738673973,17:10:04,1738710604,0.22,Partially cloudy,Partly cloudy throughout the day.,partly-cloudy-day,"['72534014819', 'USW00014819', 'KORD', 'KMDW', '72530094846', 'F1983', '74466504838', 'KPWK']",obs,-6.0,127
2025-02-05,W,588472,392240,980712,8802,1738735200,-0.1,-2.9,-1.7,-5.2,-9.4,-7.4,-7.5,65.2,0.198,100.0,8.33,"['rain', 'snow']",0.0,0.0,42.8,25.1,90.5,1024.2,99.4,14.4,26.0,2.2,2.0,10.0,06:58:25,1738760305,17:11:21,1738797081,0.25,"Snow, Rain, Overcast",Cloudy skies throughout the day with late afternoon rain or snow.,snow,"['72534014819', 'USW00014819', 'KORD', 'KMDW', '72530094846', 'F1983', '74466504838']",obs,-6.0,128
2025-02-06,W,565576,380737,946313,8803,1738821600,3.5,-1.2,0.7,-0.9,-8.0,-4.1,-4.4,71.1,0.069,100.0,4.17,"['rain', 'snow']",0.5,0.0,59.5,35.0,267.7,1013.4,75.6,12.8,35.1,2.9,2.0,10.0,06:57:16,1738846636,17:12:39,1738883559,0.29,"Snow, Rain, Partially cloudy",Partly cloudy throughout the day with early morning snow or rain.,snow,"['72534014819', 'USW00014819', '72212604879', 'KORD', 'KMDW', '72530094846', 'F1983', '74466504838', 'KPWK']",obs,-6.0,129
2025-02-07,W,568753,334477,903230,8804,1738908000,0.4,-6.4,-3.1,-1.1,-12.3,-6.8,-14.9,40.0,0.0,0.0,0.0,,0.0,0.0,49.9,25.9,295.5,1025.9,75.4,16.0,60.7,5.1,3.0,10.0,06:56:05,1738932965,17:13:56,1738970036,0.33,Partially cloudy,Partly cloudy throughout the day.,partly-cloudy-day,"['72534014819', 'USW00014819', '72212604879', 'KORD', 'KMDW', '72530094846', 'F1983', '74466504838']",obs,-6.0,130
2025-02-08,A,354675,225361,580036,8805,1738994400,0.7,-2.0,-0.5,-3.3,-6.0,-4.8,-6.7,63.9,0.054,100.0,4.17,"['rain', 'snow']",0.8,0.0,35.3,21.4,70.9,1017.1,99.7,14.4,11.5,0.9,1.0,10.0,06:54:53,1739019293,17:15:13,1739056513,0.36,"Snow, Rain, Overcast",Cloudy skies throughout the day with afternoon rain or snow.,snow,"['72534014819', 'USW00014819', 'KORD', 'KMDW', '72530094846', 'F1983', '74466504838']",obs,-6.0,131
2025-02-09,U,283740,178617,462357,8806,1739080800,0.0,-4.5,-2.3,-1.2,-11.3,-6.7,-9.5,58.2,0.0,0.0,0.0,,0.0,0.0,37.8,23.8,308.0,1027.8,70.0,15.9,76.7,6.7,4.0,10.0,06:53:39,1739105619,17:16:30,1739142990,0.4,Partially cloudy,Partly cloudy throughout the day.,partly-cloudy-day,"['72534014819', 'USW00014819', 'KORD', 'KMDW', '72530094846', 'F1983', '74466504838']",obs,-6.0,132
2025-02-10,W,566314,340368,906682,8807,1739167200,1.6,-7.5,-3.1,-0.4,-11.1,-6.7,-13.5,45.7,0.0,0.0,0.0,,0.0,0.0,27.7,13.5,254.0,1032.6,48.4,16.0,116.3,10.0,6.0,10.0,06:52:24,1739191944,17:17:47,1739229467,0.43,Partially cloudy,Becoming cloudy in the afternoon.,partly-cloudy-day,"['72534014819', 'USW00014819', 'KORD', 'KMDW', '72530094846', 'F1983', '74466504838']",obs,-6.0,133
2025-02-11,W,602680,394158,996838,8808,1739253600,-1.6,-4.3,-3.3,-1.6,-11.3,-8.7,-8.9,65.6,0.0,0.0,0.0,,0.0,0.0,43.9,26.1,21.8,1026.3,99.8,15.2,22.3,1.9,1.0,10.0,06:51:08,1739278268,17:19:04,1739315944,0.47,Overcast,Cloudy skies throughout the day.,cloudy,"['72534014819', 'USW00014819', 'KORD', 'KMDW', '72530094846', 'F1983', '74466504838', 'KPWK']",obs,-6.0,134
2025-02-12,W,495987,323871,819858,8809,1739340000,-1.8,-4.3,-2.9,-6.6,-11.1,-8.9,-6.5,76.6,1.825,100.0,37.5,"['rain', 'snow']",2.8,1.9,42.8,27.9,53.4,1015.9,100.0,8.7,8.6,0.6,0.0,10.0,06:49:50,1739364590,17:20:20,1739402420,0.5,"Snow, Rain, Overcast",Cloudy skies throughout the day with rain or snow.,snow,"['72534014819', 'USW00014819', 'KORD', 'KMDW', '72530094846', 'F1983', '74466504838', 'KPWK']",obs,-6.0,135
2025-02-13,W,561666,377046,938712,8810,1739426400,-2.9,-13.1,-7.8,-7.5,-20.6,-15.2,-13.6,64.4,0.0,0.0,0.0,['snow'],1.6,6.5,45.4,31.1,283.8,1024.9,46.7,14.8,84.9,7.2,5.0,10.0,06:48:31,1739450911,17:21:36,1739488896,0.54,Partially cloudy,Clearing in the afternoon.,partly-cloudy-day,"['72534014819', 'USW00014819', 'KORD', 'KMDW', '72530094846', 'F1983', '74466504838']",obs,-6.0,136
2025-02-14,W,530108,327173,857281,8811,1739512800,-3.3,-14.7,-8.7,-8.8,-21.5,-14.5,-15.2,60.6,1.385,100.0,16.67,['snow'],3.8,3.7,39.2,22.4,158.6,1034.1,72.9,14.2,51.2,4.4,3.0,10.0,06:47:10,1739537230,17:22:52,1739575372,0.57,"Snow, Partially cloudy",Partly cloudy throughout the day with late afternoon snow.,snow,"['72534014819', 'USW00014819', 'KORD', 'KMDW', '72530094846', 'F1983', '74466504838']",obs,-6.0,137
2025-02-15,A,354572,234600,589172,8812,1739599200,1.4,-2.4,-0.3,1.4,-8.3,-3.7,-4.3,74.2,0.081,100.0,8.33,"['rain', 'snow']",0.0,9.1,47.1,34.9,23.2,1013.6,100.0,14.5,22.8,1.9,1.0,10.0,06:45:48,1739623548,17:24:08,1739661848,0.6,"Snow, Rain, Overcast",Cloudy skies throughout the day with afternoon rain or snow.,rain,"['72534014819', 'USW00014819', 'KORD', 'KMDW', '72530094846', 'F1983', '74466504838']",obs,-6.0,138
2025-02-16,U,276210,177108,453318,8813,1739685600,-1.9,-10.9,-3.9,-8.0,-19.3,-11.1,-9.4,66.0,0.0,0.0,0.0,['snow'],1.4,9.5,50.7,34.5,317.4,1013.0,78.3,14.3,67.1,5.8,4.0,10.0,06:44:26,1739709866,17:25:24,1739748324,0.63,Partially cloudy,Partly cloudy throughout the day.,partly-cloudy-day,"['72534014819', 'USW00014819', 'KORD', 'KMDW', '72530094846', 'F1983', '74466504838']",obs,-6.0,139
2025-02-17,W,368849,239262,608111,8814,1739772000,-11.9,-16.0,-14.0,-20.5,-25.1,-22.9,-21.8,51.8,0.0,0.0,0.0,,0.0,9.5,43.6,27.4,282.1,1028.1,47.7,16.0,118.9,10.4,6.0,10.0,06:43:01,1739796181,17:26:39,1739834799,0.67,Partially cloudy,Partly cloudy throughout the day.,partly-cloudy-day,"['72534014819', 'USW00014819', 'KORD', 'KMDW', '72530094846', 'F1983', '74466504838']",obs,-6.0,140
2025-02-18,W,492897,326560,819457,8815,1739858400,-9.2,-19.3,-14.5,-15.2,-28.1,-22.3,-23.8,45.8,0.0,0.0,0.0,,0.0,6.8,37.1,20.4,321.3,1036.0,66.6,16.0,124.9,10.8,6.0,10.0,06:41:36,1739882496,17:27:54,1739921274,0.7,Partially cloudy,Partly cloudy throughout the day.,partly-cloudy-day,"['72534014819', 'USW00014819', 'KORD', 'KMDW', '72530094846', 'F1983', '74466504838', 'KPWK']",obs,-6.0,141
2025-02-19,W,550895,364221,915116,8816,1739944800,-7.5,-14.3,-11.7,-14.0,-21.9,-18.8,-20.2,49.2,0.0,0.0,0.0,,0.0,3.1,32.4,20.0,309.4,1034.4,92.0,16.0,89.5,7.6,4.0,10.0,06:40:10,1739968810,17:29:09,1740007749,0.73,Overcast,Cloudy skies throughout the day.,cloudy,"['72534014819', 'USW00014819', 'KORD', 'KMDW', '72530094846', 'F1983', '74466504838']",obs,-6.0,142
2025-02-20,W,574080,380904,954984,8817,1740031200,-3.9,-14.9,-9.2,-9.2,-22.4,-16.0,-16.3,57.1,0.0,0.0,0.0,,0.0,2.4,39.2,23.3,295.1,1033.0,38.2,15.8,130.4,11.3,6.0,10.0,06:38:43,1740055123,17:30:23,1740094223,0.75,Partially cloudy,Partly cloudy throughout the day.,partly-cloudy-day,"['72534014819', 'USW00014819', 'KORD', 'KMDW', '72530094846', 'F1983', '74466504838']",obs,-6.0,143
2025-02-21,W,553951,328596,882547,8818,1740117600,-1.9,-11.3,-6.6,-6.7,-16.5,-11.6,-12.5,63.1,0.0,0.0,0.0,,0.0,2.0,30.6,19.9,249.2,1035.8,1.3,16.0,127.2,11.1,6.0,10.0,06:37:14,1740141434,17:31:38,1740180698,0.8,Clear,Clear conditions throughout the day.,clear-day,"['72534014819', 'USW00014819', 'KORD', 'KMDW', '72530094846', 'F1983', '74466504838']",obs,-6.0,144
2025-02-22,A,370787,234375,605162,8819,1740204000,1.4,-8.9,-3.1,-2.5,-15.0,-8.7,-11.5,53.6,0.0,0.0,0.0,,0.0,2.4,46.9,30.0,232.7,1025.5,39.1,16.0,123.2,10.6,6.0,10.0,06:35:45,1740227745,17:32:51,1740267171,0.83,Partially cloudy,Partly cloudy throughout the day.,partly-cloudy-day,"['72534014819', 'USW00014819', 'KORD', 'KMDW', '72530094846', 'F1983', '74466504838']",obs,-6.0,145
2025-02-23,U,281484,174047,455531,8820,1740290400,7.9,-3.9,1.8,7.9,-8.0,-1.6,-5.5,59.1,0.0,0.0,0.0,,0.0,1.8,44.6,24.7,204.7,1017.8,73.8,16.0,39.8,3.3,2.0,10.0,06:34:15,1740314055,17:34:05,1740353645,0.86,Partially cloudy,Partly cloudy throughout the day.,partly-cloudy-day,"['72534014819', 'USW00014819', 'KORD', 'KMDW', '72530094846', 'F1983', '74466504838']",obs,-6.0,146
2025-02-24,W,578860,353291,932151,8821,1740376800,12.6,3.4,8.1,12.6,-0.9,5.8,0.9,60.7,0.0,0.0,0.0,,0.0,0.0,47.5,30.3,230.7,1007.5,89.9,16.0,82.1,7.2,5.0,10.0,06:32:44,1740400364,17:35:18,1740440118,0.89,Partially cloudy,Partly cloudy throughout the day.,partly-cloudy-day,"['72534014819', 'USW00014819', 'KORD', 'KMDW', '72530094846', 'F1983', '74466504838']",obs,-6.0,147
2025-02-25,W,575346,396347,971693,8822,1740463200,13.1,3.4,7.9,13.1,2.1,7.0,1.4,65.4,0.114,100.0,4.17,['rain'],0.0,0.0,35.3,21.1,291.1,1009.6,41.0,16.0,114.0,9.7,6.0,10.0,06:31:12,1740486672,17:36:31,1740526591,0.93,"Rain, Partially cloudy",Partly cloudy throughout the day with early morning rain.,rain,"['72534014819', 'USW00014819', 'KORD', 'KMDW', '72530094846', 'F1983', '74466504838']",obs,-6.0,148
2025-02-26,W,609866,397146,1007012,8823,1740549600,9.8,3.0,6.1,8.8,-0.2,3.7,1.4,72.2,1.169,100.0,16.67,['rain'],0.0,0.0,37.8,22.1,83.1,1009.6,95.2,15.5,42.7,3.7,2.0,10.0,06:29:39,1740572979,17:37:44,1740613064,0.96,"Rain, Overcast",Cloudy skies throughout the day with rain.,rain,"['72534014819', 'USW00014819', 'KORD', 'KMDW', '72530094846', 'F1983', '74466504838']",obs,-6.0,149
2025-02-27,W,613402,402457,1015859,8824,1740636000,9.8,2.7,5.7,6.2,-1.2,2.6,-0.2,68.3,0.3,100.0,8.33,['rain'],0.0,0.0,51.6,33.3,290.0,1011.5,65.8,12.5,70.1,6.0,5.0,10.0,06:28:05,1740659285,17:38:56,1740699536,0.0,"Rain, Partially cloudy",Partly cloudy throughout the day with early morning rain.,rain,"['72534014819', 'USW00014819', 'KORD', 'KMDW', '72530094846', 'F1983', '74466504838']",obs,-6.0,150
2025-02-28,W,590955,352148,943103,8825,1740722400,14.8,1.7,7.6,14.8,-2.3,4.9,-2.4,51.1,0.0,0.0,0.0,,0.0,0.0,77.8,46.2,263.8,1003.2,78.5,16.0,71.4,6.1,4.0,10.0,06:26:31,1740745591,17:40:08,1740786008,0.03,Partially cloudy,Partly cloudy throughout the day.,partly-cloudy-day,"['72534014819', 'USW00014819', 'KORD', 'KMDW', '72530094846', 'F1983', '74466504838']",obs,-6.0,151
2025-03-01,A,380591,240413,621004,8826,1740808800,1.9,-4.7,-2.1,-4.1,-11.1,-7.4,-13.4,42.7,0.0,0.0,0.0,,0.0,0.0,56.4,40.2,341.6,1019.1,48.0,15.9,104.5,9.0,6.0,10.0,06:24:56,1740831896,17:41:20,1740872480,0.06,Partially cloudy,Clearing in the afternoon.,partly-cloudy-day,"['72534014819', 'USW00014819', 'KORD', 'KMDW', '72530094846', 'F1983', '74466504838']",obs,-6.0,152
2025-03-02,U,291627,180050,471677,8827,1740895200,3.1,-7.3,-2.1,2.1,-11.0,-4.7,-12.6,47.1,0.0,0.0,0.0,,0.0,0.0,20.9,14.4,251.6,1024.9,48.0,16.0,109.5,9.6,6.0,10.0,06:23:20,1740918200,17:42:32,1740958952,0.1,Partially cloudy,Partly cloudy throughout the day.,partly-cloudy-day,"['72534014819', 'USW00014819', 'KORD', 'KMDW', '72530094846', 'F1983', '74466504838']",obs,-6.0,153
2025-03-03,W,578006,345594,923600,8828,1740981600,8.5,0.3,4.5,5.1,-3.0,1.0,-7.3,42.4,0.0,0.0,0.0,,0.0,0.0,47.7,25.8,185.6,1017.4,93.9,16.0,37.0,3.1,2.0,10.0,06:21:43,1741004503,17:43:43,1741045423,0.13,Overcast,Cloudy skies throughout the day.,cloudy,"['USW00094846', '72534014819', 'USW00014819', 'KORD', 'KMDW', '72530094846', 'F1983', '74466504838']",obs,-6.0,154
2025-03-04,W,580293,390147,970440,8829,1741068000,8.8,6.6,8.1,7.5,3.4,5.2,3.5,74.1,17.006,100.0,62.5,['rain'],0.0,0.0,60.9,30.0,175.1,1003.2,99.5,13.9,18.3,1.6,1.0,10.0,06:20:06,1741090806,17:44:54,1741131894,0.17,"Rain, Overcast",Cloudy skies throughout the day with a chance of rain throughout the day.,rain,"['72534014819', 'USW00014819', 'KORD', 'KMDW', '72530094846', 'F1983', '74466504838', 'KPWK']",obs,-6.0,155
2025-03-05,W,603951,397881,1001832,8830,1741154400,10.9,-0.2,6.3,10.9,-7.2,3.0,3.1,80.1,5.889,100.0,29.17,['rain'],0.0,0.0,65.2,38.8,276.1,988.1,99.2,11.7,27.3,2.1,1.0,10.0,06:18:28,1741177108,17:46:04,1741218364,0.2,"Rain, Overcast",Cloudy skies throughout the day with a chance of rain throughout the day.,rain,"['72534014819', 'USW00014819', 'KORD', 'KMDW', '72530094846', 'F1983', '74466504838', 'KPWK']",obs,-6.0,156
2025-03-06,W,619806,404819,1024625,8831,1741240800,5.5,-1.8,1.4,2.3,-8.4,-3.3,-7.3,53.6,0.0,0.0,0.0,,0.0,0.0,53.1,33.7,294.9,1011.2,42.9,16.0,123.8,10.8,7.0,10.0,06:16:50,1741263410,17:47:15,1741304835,0.25,Partially cloudy,Partly cloudy throughout the day.,partly-cloudy-day,"['72534014819', 'USW00014819', 'KORD', 'KMDW', '72530094846', 'F1983', '74466504838']",obs,-6.0,157
2025-03-07,W,555241,335864,891105,8832,1741327200,3.9,1.2,2.3,3.7,-2.0,0.2,-1.6,75.9,2.62,100.0,29.17,['rain'],0.4,0.0,24.1,12.4,102.4,1012.1,95.8,11.7,25.7,2.1,1.0,10.0,06:15:11,1741349711,17:48:25,1741391305,0.27,"Rain, Overcast",Cloudy skies throughout the day with rain or snow.,snow,"['72534014819', 'USW00014819', 'KORD', 'KMDW', '72530094846', 'F1983', '74466504838', 'KPWK']",obs,-6.0,158
2025-03-08,A,398766,258254,657020,8833,1741413600,10.4,-1.1,4.3,10.4,-3.9,1.7,-2.8,62.5,0.0,0.0,0.0,,0.0,0.0,53.0,34.3,274.5,1016.7,35.0,15.4,120.1,10.5,6.0,10.0,06:13:32,1741436012,17:49:34,1741477774,0.31,Partially cloudy,Partly cloudy throughout the day.,partly-cloudy-day,"['72534014819', 'USW00014819', 'KORD', 'KMDW', '72530094846', 'F1983', '74466504838']",obs,-6.0,159
2025-03-09,U,302103,192874,494977,8834,1741500000,14.8,1.6,8.4,14.8,-1.5,7.0,-1.6,51.2,0.0,0.0,0.0,,0.0,0.0,46.1,27.9,245.6,1014.8,34.6,16.0,131.3,10.9,7.0,10.0,07:11:52,1741522312,18:50:44,1741564244,0.34,Partially cloudy,Becoming cloudy in the afternoon.,partly-cloudy-day,"['72534014819', 'USW00014819', 'KORD', 'KMDW', '72530094846', 'F1983', '74466504838']",obs,-6.0,160
2025-03-10,W,593786,371554,965340,8835,1741582800,20.5,4.7,13.1,20.5,2.2,12.2,-0.7,40.7,0.0,0.0,0.0,,0.0,0.0,50.0,28.1,228.6,1007.8,37.6,16.0,136.8,11.8,7.0,10.0,07:10:12,1741608612,18:51:53,1741650713,0.37,Partially cloudy,Becoming cloudy in the afternoon.,partly-cloudy-day,"['USW00094846', '72534014819', 'USW00014819', 'KORD', '72530094846', 'KMDW', 'F1983', '74466504838', 'USW00004838']",obs,,161
2025-03-11,W,626067,418826,1044893,8836,1741669200,15.3,3.1,8.2,15.3,-0.9,5.5,-1.9,49.8,0.0,0.0,0.0,,0.0,0.0,63.7,45.1,16.1,1007.9,77.3,16.0,126.5,10.9,6.0,10.0,07:08:31,1741694911,18:53:02,1741737182,0.41,Partially cloudy,Partly cloudy throughout the day.,partly-cloudy-day,"['72534014819', 'USW00014819', 'KORD', 'KMDW', '72530094846', 'F1983', '74466504838']",obs,,162
2025-03-12,W,633486,421745,1055231,8837,1741755600,10.4,3.6,6.5,10.4,-0.3,4.3,-6.3,40.6,0.0,0.0,0.0,,0.0,0.0,32.8,17.6,64.1,1010.6,28.6,16.0,134.9,11.5,7.0,10.0,07:06:50,1741781210,18:54:11,1741823651,0.44,Partially cloudy,Partly cloudy throughout the day.,partly-cloudy-day,"['72534014819', 'USW00014819', 'KORD', 'KMDW', '72530094846', 'F1983', '74466504838']",obs,,163
2025-03-13,W,632710,433941,1066651,8838,1741842000,15.4,1.9,8.3,15.4,0.3,7.4,-1.7,51.5,0.0,0.0,0.0,,0.0,0.0,33.5,20.7,78.2,1011.9,26.6,16.0,142.2,12.3,7.0,10.0,07:05:09,1741867509,18:55:20,1741910120,0.48,Partially cloudy,Partly cloudy throughout the day.,partly-cloudy-day,"['72534014819', 'USW00014819', 'KORD', 'KMDW', '72530094846', 'F1983', '74466504838']",obs,,164
2025-03-14,W,610031,416441,1026472,8839,1741928400,26.4,9.7,18.3,26.4,7.9,18.1,6.6,47.7,0.0,0.0,0.0,,0.0,0.0,72.7,39.7,164.9,1001.3,62.0,16.0,113.9,9.8,6.0,10.0,07:03:27,1741953807,18:56:28,1741996588,0.5,Partially cloudy,Partly cloudy throughout the day.,partly-cloudy-day,"['72534014819', 'USW00014819', 'KORD', 'KMDW', '72530094846', 'F1983', '74466504838']",obs,,165
2025-03-15,A,419140,569090,988230,8840,1742014800,22.2,7.1,14.9,22.2,4.4,14.5,7.3,62.7,12.961,100.0,20.83,['rain'],0.0,0.0,75.1,46.2,216.2,991.8,90.4,13.6,85.6,7.3,4.0,10.0,07:01:45,1742040105,18:57:37,1742083057,0.55,"Rain, Overcast",Cloudy skies throughout the day with rain clearing later.,rain,"['72534014819', 'USW00014819', 'KORD', 'KMDW', '72530094846', 'F1983', '74466504838', 'KPWK']",obs,,166
2025-03-16,U,273811,212415,486226,8841,1742101200,6.4,-1.0,2.0,3.7,-5.1,-2.0,-1.9,75.8,3.971,100.0,33.33,"['rain', 'snow']",0.7,0.1,41.4,23.4,310.0,1005.0,85.1,12.8,25.8,2.3,1.0,10.0,07:00:03,1742126403,18:58:45,1742169525,0.58,"Snow, Rain, Partially cloudy",Partly cloudy throughout the day with a chance of rain or snow throughout the day.,snow,"['72534014819', 'USW00014819', 'KORD', 'KMDW', '72530094846', 'F1983', '74466504838', 'KPWK']",obs,,167
2025-03-17,W,592276,388387,980663,8842,1742187600,12.1,-2.4,4.8,12.1,-5.3,2.8,-3.9,56.2,0.0,0.0,0.0,,0.0,0.0,63.5,38.4,189.3,1018.4,25.4,16.0,127.1,11.1,5.0,10.0,06:58:21,1742212701,18:59:53,1742255993,0.61,Partially cloudy,Partly cloudy throughout the day.,partly-cloudy-day,"['72534014819', 'USW00014819', 'KORD', 'KMDW', '72530094846', 'F1983', '74466504838']",obs,,168
2025-03-18,W,631010,433816,1064826,8843,1742274000,22.6,7.9,13.7,22.6,4.9,12.3,3.0,49.6,0.0,0.0,0.0,,0.0,0.0,55.4,31.5,191.3,1007.2,82.2,16.0,81.4,7.0,4.0,10.0,06:56:39,1742298999,19:01:00,1742342460,0.65,Partially cloudy,Partly cloudy throughout the day.,partly-cloudy-day,"['72534014819', 'USW00014819', 'KORD', 'KMDW', '72530094846', 'F1983', '74466504838']",obs,,169
2025-03-19,W,586106,410146,996252,8844,1742360400,9.1,3.3,6.5,7.4,-3.0,3.3,3.0,79.3,15.206,100.0,25.0,['rain'],0.0,0.0,61.6,39.9,24.1,999.8,82.4,13.9,52.0,4.4,4.0,10.0,06:54:56,1742385296,19:02:08,1742428928,0.68,"Rain, Partially cloudy",Partly cloudy throughout the day with rain.,rain,"['72534014819', 'USW00014819', 'KORD', 'KMDW', '72530094846', 'F1983', '74466504838']",obs,,170
2025-03-20,W,597866,410831,1008697,8845,1742446800,6.7,-0.1,2.8,3.5,-6.8,-1.8,-3.3,66.6,4.372,100.0,20.83,"['rain', 'snow']",1.0,0.7,63.3,39.6,336.3,1010.3,69.9,12.9,117.6,10.2,6.0,10.0,06:53:13,1742471593,19:03:15,1742515395,0.71,"Snow, Rain, Partially cloudy",Partly cloudy throughout the day with rain or snow clearing later.,snow,"['72534014819', 'USW00014819', 'KORD', 'KMDW', '72530094846', 'F1983', '74466504838']",obs,,171
2025-03-21,W,586769,365803,952572,8846,1742533200,15.5,-0.1,7.7,15.5,-3.7,5.8,-3.1,49.4,0.0,0.0,0.0,,0.0,0.0,75.3,49.9,206.2,1009.4,62.2,16.0,116.0,10.0,7.0,10.0,06:51:30,1742557890,19:04:22,1742601862,0.74,Partially cloudy,Partly cloudy throughout the day.,wind,"['72534014819', 'USW00014819', 'KORD', 'KMDW', '72530094846', 'F1983', '74466504838']",obs,,172
2025-03-22,A,392188,269950,662138,8847,1742619600,10.9,1.5,5.0,10.9,-2.4,1.5,-3.3,55.8,0.0,0.0,0.0,,0.0,0.0,47.1,29.3,1.4,1014.1,57.3,16.0,144.6,12.7,6.0,10.0,06:49:47,1742644187,19:05:30,1742688330,0.75,Partially cloudy,Clearing in the afternoon.,partly-cloudy-day,"['72534014819', 'USW00014819', 'KORD', 'KMDW', '72530094846', 'F1983', '74466504838']",obs,,173
2025-03-23,U,273302,209303,482605,8848,1742706000,9.6,2.0,5.7,5.9,-1.2,1.9,-0.8,63.8,5.262,100.0,16.67,['rain'],0.0,0.0,77.5,42.7,186.5,1010.0,91.1,15.5,48.0,4.0,6.0,10.0,06:48:05,1742730485,19:06:37,1742774797,0.81,"Rain, Overcast",Cloudy skies throughout the day with rain.,rain,"['72534014819', 'USW00014819', 'KORD', 'KMDW', '72530094846', 'F1983', '74466504838', 'KPWK']",obs,,174
2025-03-24,W,491872,320551,812423,8849,1742792400,9.9,1.6,5.3,6.7,-5.3,0.7,-5.0,49.7,0.0,0.0,0.0,,0.0,0.0,71.1,39.7,282.0,1009.1,77.3,16.0,83.0,7.2,4.0,10.0,06:46:22,1742816782,19:07:43,1742861263,0.84,Partially cloudy,Partly cloudy throughout the day.,partly-cloudy-day,"['72534014819', 'USW00014819', 'KORD', 'KMDW', '72530094846', 'F1983', '74466504838']",obs,,175
2025-03-25,W,537207,371997,909204,8850,1742878800,9.9,0.6,4.6,7.1,-1.8,2.3,-3.6,57.9,0.0,0.0,0.0,,0.0,0.0,43.9,24.8,40.5,1017.3,53.6,16.0,123.3,10.7,7.0,10.0,06:44:39,1742903079,19:08:50,1742947730,0.88,Partially cloudy,Partly cloudy throughout the day.,partly-cloudy-day,"['72534014819', 'USW00014819', 'KORD', 'KMDW', '72530094846', 'F1983', '74466504838']",obs,,176
2025-03-26,W,545509,373308,918817,8851,1742965200,11.2,0.4,5.0,11.2,-2.0,3.7,-2.7,58.7,0.0,0.0,0.0,,0.0,0.0,32.4,14.8,108.5,1023.5,79.1,16.0,90.5,7.8,5.0,10.0,06:42:56,1742989376,19:09:57,1743034197,0.91,Partially cloudy,Partly cloudy throughout the day.,partly-cloudy-day,"['72534014819', 'USW00014819', 'KORD', 'KMDW', '72530094846', 'F1983', '74466504838']",obs,,177
2025-03-27,W,523815,375538,899353,8852,1743051600,12.7,6.5,9.7,12.7,3.9,8.8,1.2,55.6,0.0,0.0,0.0,,0.0,0.0,44.6,23.7,193.4,1021.7,98.4,16.0,26.5,2.3,2.0,10.0,06:41:13,1743075673,19:11:04,1743120664,0.94,Overcast,Cloudy skies throughout the day.,cloudy,"['72534014819', 'USW00014819', 'KORD', 'KMDW', '72530094846', 'F1983', '74466504838']",obs,,178
2025-03-28,W,512649,339773,852422,8853,1743138000,25.9,9.8,17.7,25.9,6.8,17.5,8.0,56.0,8.039,100.0,20.83,['rain'],0.0,0.0,72.8,44.6,207.5,1010.9,77.1,15.4,109.3,9.4,6.0,10.0,06:39:31,1743161971,19:12:10,1743207130,0.98,"Rain, Partially cloudy",Partly cloudy throughout the day with rain clearing later.,rain,"['72534014819', 'USW00014819', 'KORD', 'KMDW', '72530094846', 'F1983', '74466504838']",obs,,179
2025-03-29,A,387569,265050,652619,8854,1743224400,20.9,9.1,17.3,20.9,7.9,17.2,11.5,69.9,1.014,100.0,16.67,['rain'],0.0,0.0,56.9,36.2,203.1,1009.2,85.6,14.7,67.0,5.8,5.0,10.0,06:37:48,1743248268,19:13:17,1743293597,0.0,"Rain, Partially cloudy",Partly cloudy throughout the day with rain.,rain,"['72534014819', 'USW00014819', 'KORD', 'KMDW', '72530094846', 'F1983', '74466504838', 'KPWK']",obs,,180
2025-03-30,U,285253,189181,474434,8855,1743310800,24.6,7.7,15.2,24.6,3.9,14.7,10.9,76.9,4.739,100.0,25.0,['rain'],0.0,0.0,64.6,38.8,222.0,1002.7,97.1,13.4,56.5,4.8,7.0,10.0,06:36:06,1743334566,19:14:23,1743380063,0.04,"Rain, Overcast",Cloudy skies throughout the day with rain.,rain,"['72534014819', 'USW00014819', 'KORD', 'KMDW', '72530094846', 'F1983', '74466504838', 'KPWK']",obs,,181
2025-03-31,W,522245,355008,877253,8856,1743397200,8.0,2.5,4.5,6.2,-2.5,0.5,-1.5,65.9,0.054,100.0,4.17,['rain'],0.0,0.0,46.9,32.1,341.4,1013.0,74.9,16.0,67.9,5.9,4.0,10.0,06:34:24,1743420864,19:15:29,1743466529,0.08,"Rain, Partially cloudy",Partly cloudy throughout the day with early morning rain.,rain,"['72534014819', 'USW00014819', 'KORD', 'KMDW', '72530094846', 'F1983', '74466504838', 'KPWK']",obs,,182
2025-04-01,W,600564,408193,1008757,8857,1743483600,8.1,1.6,4.5,5.0,-3.0,0.6,-4.1,53.9,0.0,0.0,0.0,,0.0,0.0,53.9,34.3,79.4,1020.0,71.8,16.0,105.9,9.1,5.0,10.0,06:32:42,1743507162,19:16:36,1743552996,0.11,Partially cloudy,Partly cloudy throughout the day.,partly-cloudy-day,"['72534014819', 'USW00014819', 'KORD', 'KMDW', '72530094846', 'F1983', '74466504838']",obs,,183
2025-04-02,W,524319,376485,900804,8858,1743570000,21.4,5.4,11.2,21.4,0.9,9.0,7.6,78.9,31.625,100.0,66.67,['rain'],0.0,0.0,65.2,37.0,143.3,1002.4,96.7,11.7,25.8,1.9,3.0,10.0,06:31:01,1743593461,19:17:42,1743639462,0.15,"Rain, Overcast",Cloudy skies throughout the day with a chance of rain throughout the day.,rain,"['72534014819', 'USW00014819', 'KORD', 'KMDW', '72530094846', 'F1983', '74466504838', 'KPWK']",obs,,184
2025-04-03,W,660304,438577,1098881,8859,1743656400,15.5,6.9,10.0,15.5,5.2,8.7,2.5,59.9,0.0,0.0,0.0,,0.0,0.0,59.5,33.5,264.9,1013.6,77.1,16.0,82.0,6.9,3.0,10.0,06:29:20,1743679760,19:18:48,1743725928,0.18,Partially cloudy,Partly cloudy throughout the day.,partly-cloudy-day,"['72534014819', 'USW00014819', 'KORD', 'KMDW', '72530094846', 'F1983', '74466504838']",obs,,185
2025-04-04,W,604237,399136,1003373,8860,1743742800,9.1,5.2,7.3,6.7,2.7,4.8,1.5,67.3,2.106,100.0,12.5,['rain'],0.0,0.0,40.7,27.5,60.8,1023.3,83.7,15.1,61.6,5.2,4.0,10.0,06:27:39,1743766059,19:19:54,1743812394,0.25,"Rain, Partially cloudy",Partly cloudy throughout the day with late afternoon rain.,rain,"['72534014819', 'USW00014819', 'KORD', 'KMDW', '72530094846', 'F1983', '74466504838']",obs,,186
2025-04-05,A,411217,329910,741127,8861,1743829200,12.1,5.4,8.1,12.1,1.4,6.1,3.0,71.8,4.997,100.0,20.83,['rain'],0.0,0.0,41.8,23.3,9.4,1018.0,96.3,13.1,61.5,5.2,3.0,10.0,06:25:59,1743852359,19:21:01,1743898861,0.25,"Rain, Overcast",Cloudy skies throughout the day with early morning rain.,rain,"['72534014819', 'USW00014819', 'KORD', 'KMDW', '72530094846', 'F1983', '74466504838']",obs,,187
2025-04-06,U,320063,229137,549200,8862,1743915600,8.6,3.3,6.1,7.2,0.0,3.4,-5.8,43.2,0.0,0.0,0.0,,0.0,0.0,39.6,23.9,55.1,1019.1,72.5,16.0,125.0,10.8,7.0,10.0,06:24:19,1743938659,19:22:07,1743985327,0.28,Partially cloudy,Partly cloudy throughout the day.,partly-cloudy-day,"['72534014819', 'USW00014819', 'KORD', 'KMDW', '72530094846', 'F1983', '74466504838']",obs,,188
2025-04-07,W,577558,376220,953778,8863,1744002000,7.5,0.7,3.7,3.9,-4.4,-0.9,-4.7,54.7,0.0,0.0,0.0,,0.0,0.0,57.6,41.7,13.2,1014.2,66.6,15.8,52.5,4.6,2.0,10.0,06:22:39,1744024959,19:23:13,1744071793,0.32,Partially cloudy,Partly cloudy throughout the day.,partly-cloudy-day,"['72534014819', 'USW00014819', 'KORD', 'KMDW', '72530094846', 'F1983', '74466504838']",obs,,189
2025-04-08,W,612600,431129,1043729,8864,1744088400,5.7,-3.0,1.6,5.4,-7.1,-2.2,-9.0,46.8,0.0,0.0,0.0,,0.0,0.0,35.3,19.7,14.6,1022.1,40.6,15.9,159.5,13.7,6.0,10.0,06:21:00,1744111260,19:24:19,1744158259,0.35,Partially cloudy,Partly cloudy throughout the day.,partly-cloudy-day,"['72534014819', 'USW00014819', 'KORD', 'KMDW', '72530094846', 'F1983', '74466504838', 'KPWK']",obs,,190
2025-04-09,W,613773,423298,1037071,8865,1744174800,6.1,1.7,4.0,2.2,-2.0,0.4,-3.2,60.6,0.992,100.0,20.83,['rain'],0.0,0.0,48.6,23.7,142.7,1018.9,96.7,14.8,19.4,1.8,1.0,10.0,06:19:21,1744197561,19:25:26,1744244726,0.39,"Rain, Overcast",Cloudy skies throughout the day with rain.,rain,"['72534014819', 'USW00014819', 'KORD', 'KMDW', '72530094846', 'F1983', '74466504838', 'KPWK']",obs,,191
2025-04-10,W,621071,426285,1047356,8866,1744261200,6.4,4.1,5.1,3.5,0.7,2.0,1.5,78.1,0.0,0.0,0.0,,0.0,0.0,33.5,21.9,39.8,1019.3,99.3,12.9,42.5,3.8,2.0,10.0,06:17:43,1744283863,19:26:32,1744331192,0.42,Overcast,Cloudy skies throughout the day.,cloudy,"['72534014819', 'USW00014819', 'KORD', 'KMDW', '72530094846', 'F1983', '74466504838']",obs,,192
2025-04-11,W,607742,388639,996381,8867,1744347600,11.0,2.8,7.2,11.0,0.0,5.2,-2.0,55.5,0.0,0.0,0.0,,0.0,0.0,40.7,25.9,36.6,1023.9,46.1,15.8,145.9,12.6,8.0,10.0,06:16:06,1744370166,19:27:38,1744417658,0.46,Partially cloudy,Clearing in the afternoon.,partly-cloudy-day,"['72534014819', 'USW00014819', 'KORD', 'KMDW', '72530094846', 'F1983', '74466504838']",obs,,193
2025-04-12,A,417636,295686,713322,8868,1744434000,16.1,2.6,9.9,16.1,1.2,9.6,-2.1,44.6,0.0,0.0,0.0,,0.0,0.0,33.5,24.3,137.0,1021.1,38.7,16.0,134.3,11.6,8.0,10.0,06:14:29,1744456469,19:28:44,1744504124,0.5,Partially cloudy,Partly cloudy throughout the day.,partly-cloudy-day,"['72534014819', 'USW00014819', 'KORD', 'KMDW', '72530094846', 'F1983', '74466504838']",obs,,194
2025-04-13,U,322033,227473,549506,8869,1744520400,18.2,11.6,14.6,18.2,11.6,14.6,0.6,38.7,0.0,0.0,0.0,,0.0,0.0,56.5,32.7,164.0,1011.3,93.2,16.0,68.6,5.8,3.0,10.0,06:12:52,1744542772,19:29:50,1744590590,0.52,Overcast,Cloudy skies throughout the day.,cloudy,"['72534014819', 'USW00014819', 'KORD', 'KMDW', '72530094846', 'F1983', '74466504838']",obs,,195
2025-04-14,W,601239,382752,983991,8870,1744606800,18.5,11.9,15.6,18.5,11.9,15.6,2.2,41.8,0.0,0.0,0.0,,0.0,0.0,64.1,40.7,275.0,1006.4,69.4,16.0,123.5,10.7,8.0,10.0,06:11:16,1744629076,19:30:57,1744677057,0.56,Partially cloudy,Partly cloudy throughout the day.,partly-cloudy-day,"['72534014819', 'USW00014819', 'KORD', 'KMDW', '72530094846', 'F1983', '74466504838']",obs,,196
2025-04-15,W,628715,431442,1060157,8871,1744693200,13.1,4.9,9.3,13.1,0.0,7.1,-0.6,52.3,0.245,100.0,8.33,['rain'],0.0,0.0,68.5,39.1,301.1,1012.9,69.8,16.0,83.2,6.9,8.0,10.0,06:09:41,1744715381,19:32:03,1744763523,0.59,"Rain, Partially cloudy",Partly cloudy throughout the day with morning rain.,rain,"['72534014819', 'USW00014819', 'KORD', 'KMDW', '72530094846', 'F1983', '74466504838', 'KPWK']",obs,,197
2025-04-16,W,647017,439567,1086584,8872,1744779600,9.4,2.7,6.0,7.7,0.4,3.4,-1.8,57.7,0.0,0.0,0.0,,0.0,0.0,35.3,21.3,62.8,1020.2,49.3,16.0,152.8,13.1,8.0,10.0,06:08:07,1744801687,19:33:09,1744849989,0.62,Partially cloudy,Partly cloudy throughout the day.,partly-cloudy-day,"['72534014819', 'USW00014819', 'KORD', 'KMDW', '72530094846', 'F1983', '74466504838']",obs,,198
2025-04-17,W,618797,438225,1057022,8873,1744866000,18.5,5.2,12.0,18.5,2.6,11.2,1.5,51.1,1.522,100.0,8.33,['rain'],0.0,0.0,60.5,35.1,163.1,1015.0,86.0,15.9,55.9,4.8,3.0,10.0,06:06:34,1744887994,19:34:15,1744936455,0.66,"Rain, Partially cloudy",Partly cloudy throughout the day with rain.,rain,"['72534014819', 'USW00014819', 'KORD', 'KMDW', '72530094846', 'F1983', '74466504838']",obs,,199
2025-04-18,W,530317,379633,909950,8874,1744952400,24.8,15.5,20.9,24.8,15.5,20.9,11.7,56.0,0.5,100.0,8.33,['rain'],0.0,0.0,62.4,34.5,207.9,1005.0,93.1,15.9,34.2,2.9,2.0,30.0,06:05:01,1744974301,19:35:22,1745022922,0.69,"Rain, Overcast",Cloudy skies throughout the day with rain.,rain,"['72534014819', 'USW00014819', 'KORD', 'KMDW', '72530094846', 'F1983', '74466504838']",obs,,200
2025-04-19,A,398189,291288,689477,8875,1745038800,18.3,7.1,11.5,18.3,4.3,10.8,8.0,79.7,5.293,100.0,4.17,['rain'],0.0,0.0,49.7,28.9,265.2,1017.6,96.7,12.9,45.2,3.9,3.0,10.0,06:03:29,1745060609,19:36:28,1745109388,0.73,"Rain, Overcast",Cloudy skies throughout the day with early morning rain.,rain,"['72534014819', 'USW00014819', 'KORD', 'KMDW', '72530094846', 'F1983', '74466504838']",obs,,201
2025-04-20,U,276828,192934,469762,8876,1745125200,16.5,9.0,11.9,16.5,7.3,11.4,5.7,66.3,2.995,100.0,20.83,['rain'],0.0,0.0,47.7,29.0,94.2,1021.2,78.8,15.8,47.5,4.2,2.0,10.0,06:01:58,1745146918,19:37:34,1745195854,0.75,"Rain, Partially cloudy",Partly cloudy throughout the day with rain.,rain,"['72534014819', 'USW00014819', 'KORD', 'KMDW', '72530094846', 'F1983', '74466504838']",obs,,202
2025-04-21,W,563978,361549,925527,8877,1745211600,17.3,9.8,12.7,17.3,5.7,12.3,6.9,68.7,4.565,100.0,16.67,['rain'],0.0,0.0,75.4,45.4,244.8,1010.6,86.3,15.7,53.1,4.6,3.0,10.0,06:00:27,1745233227,19:38:40,1745282320,0.79,"Rain, Partially cloudy",Partly cloudy throughout the day with rain clearing later.,rain,"['72534014819', 'USW00014819', 'KORD', 'KMDW', '72530094846', 'F1983', '74466504838']",obs,,203
2025-04-22,W,635896,449995,1085891,8878,1745298000,23.2,5.9,15.0,23.2,5.7,14.8,6.3,58.2,0.0,0.0,0.0,,0.0,0.0,51.3,32.1,199.1,1018.0,60.6,16.0,82.5,7.2,7.0,10.0,05:58:58,1745319538,19:39:47,1745368787,0.83,Partially cloudy,Partly cloudy throughout the day.,partly-cloudy-day,"['72534014819', 'USW00014819', 'KORD', 'KMDW', '72530094846', 'F1983', '74466504838']",obs,,204
2025-04-23,W,620545,448723,1069268,8879,1745384400,24.8,13.7,18.7,24.8,13.7,18.7,10.3,60.7,6.436,100.0,20.83,['rain'],0.0,0.0,57.5,23.6,197.8,1019.4,87.1,15.6,58.3,5.1,2.0,10.0,05:57:30,1745405850,19:40:53,1745455253,0.86,"Rain, Partially cloudy",Partly cloudy throughout the day with rain in the morning and afternoon.,rain,"['72534014819', 'USW00014819', 'KORD', 'KMDW', '72530094846', 'F1983', '74466504838']",obs,,205
2025-04-24,W,653241,448572,1101813,8880,1745470800,24.5,11.4,16.5,24.5,11.4,16.5,7.7,57.6,0.0,0.0,0.0,,0.0,0.0,37.1,23.3,43.3,1019.2,77.5,16.0,117.5,10.1,7.0,10.0,05:56:02,1745492162,19:41:59,1745541719,0.9,Partially cloudy,Partly cloudy throughout the day.,partly-cloudy-day,"['72534014819', 'USW00014819', 'KORD', 'KMDW', '72530094846', 'F1983', '74466504838']",obs,,206
2025-04-25,W,580882,400327,981209,8881,1745557200,15.5,8.8,11.1,15.5,4.9,10.5,5.5,69.2,5.5,100.0,12.5,['rain'],0.0,0.0,55.4,33.1,19.0,1016.6,95.2,15.4,70.8,6.2,4.0,10.0,05:54:36,1745578476,19:43:05,1745628185,0.93,"Rain, Overcast",Cloudy skies throughout the day with afternoon rain.,rain,"['72534014819', 'USW00014819', 'KORD', 'KMDW', '72530094846', 'F1983', '74466504838']",obs,,207
2025-04-26,A,428587,317347,745934,8882,1745643600,12.0,7.5,9.4,12.0,4.2,7.2,1.9,60.3,1.083,100.0,4.17,['rain'],0.0,0.0,51.8,33.1,24.8,1025.0,83.9,16.0,109.5,9.5,9.0,10.0,05:53:10,1745664790,19:44:11,1745714651,0.96,"Rain, Partially cloudy",Partly cloudy throughout the day with morning rain.,rain,"['72534014819', 'USW00014819', 'KORD', 'KMDW', '72530094846', 'F1983', '74466504838']",obs,,208
2025-04-27,U,329874,245932,575806,8883,1745730000,21.0,4.2,12.6,21.0,4.2,12.4,2.8,53.7,0.0,0.0,0.0,,0.0,0.0,38.9,23.2,139.5,1024.7,23.5,16.0,143.8,12.5,8.0,10.0,05:51:46,1745751106,19:45:17,1745801117,0.0,Partially cloudy,Partly cloudy throughout the day.,partly-cloudy-day,"['72534014819', 'USW00014819', 'KORD', 'KMDW', '72530094846', 'F1983', '74466504838']",obs,,209
2025-04-28,W,604201,393731,997932,8884,1745816400,29.2,12.8,20.8,28.9,12.8,20.8,9.1,47.4,0.0,0.0,0.0,,0.0,0.0,68.6,39.4,184.4,1015.3,55.9,16.0,116.5,10.2,7.0,30.0,05:50:22,1745837422,19:46:22,1745887582,0.03,Partially cloudy,Partly cloudy throughout the day.,partly-cloudy-day,"['72534014819', 'USW00014819', 'KORD', 'KMDW', '72530094846', 'F1983', '74466504838']",obs,,210
2025-04-29,W,638090,439903,1077993,8885,1745902800,25.5,11.5,20.4,25.5,11.5,20.4,10.4,53.2,0.0,0.0,0.0,,0.0,0.0,65.7,43.0,246.9,1011.9,79.1,16.0,97.0,8.1,4.0,30.0,05:49:00,1745923740,19:47:28,1745974048,0.06,Partially cloudy,Partly cloudy throughout the day.,partly-cloudy-day,"['72534014819', 'USW00014819', 'KORD', 'KMDW', '72530094846', 'F1983', '74466504838']",obs,,211
2025-04-30,W,632346,435347,1067693,8886,1745989200,15.6,8.3,12.4,15.6,6.4,12.1,5.4,62.7,0.231,100.0,4.17,['rain'],0.0,0.0,35.3,22.8,87.6,1018.5,67.3,16.0,84.3,7.2,4.0,10.0,05:47:39,1746010059,19:48:34,1746060514,0.1,"Rain, Partially cloudy",Partly cloudy throughout the day with afternoon rain.,rain,"['72534014819', 'USW00014819', 'KORD', 'KMDW', '72530094846', 'F1983', '74466504838']",obs,,212
2025-05-01,W,614811,437225,1052036,8887,1746075600,21.2,11.4,15.9,21.2,11.4,15.9,12.0,78.6,7.437,100.0,45.83,['rain'],0.0,0.0,58.8,37.9,252.1,1006.0,94.4,14.0,39.0,3.2,2.0,10.0,05:46:20,1746096380,19:49:39,1746146979,0.13,"Rain, Overcast",Cloudy skies throughout the day with a chance of rain throughout the day.,rain,"['72534014819', 'USW00014819', 'KORD', 'KMDW', '72530094846', 'F1983', '74466504838', 'KPWK']",obs,,213
2025-05-02,W,607226,387749,994975,8888,1746162000,15.6,8.2,11.3,15.6,5.6,10.4,6.7,73.8,0.243,100.0,4.17,['rain'],0.0,0.0,35.3,18.8,62.4,1010.8,96.4,14.3,46.3,3.9,2.0,10.0,05:45:01,1746182701,19:50:44,1746233444,0.16,"Rain, Overcast",Cloudy skies throughout the day with morning rain.,rain,"['72534014819', 'USW00014819', 'KORD', 'KMDW', '72530094846', 'F1983', '74466504838']",obs,,214
2025-05-03,A,420608,290233,710841,8889,1746248400,11.8,7.7,9.8,11.8,4.2,8.2,3.7,66.3,0.0,0.0,0.0,,0.0,0.0,48.6,31.7,24.5,1014.9,78.3,16.0,109.5,9.3,5.0,10.0,05:43:44,1746269024,19:51:49,1746319909,0.2,Partially cloudy,Partly cloudy throughout the day.,partly-cloudy-day,"['72534014819', 'USW00014819', 'KORD', 'KMDW', '72530094846', 'F1983', '74466504838']",obs,,215
2025-05-04,U,303496,206686,510182,8890,1746334800,13.7,8.1,9.8,13.7,4.9,8.0,3.7,67.0,2.519,100.0,20.83,['rain'],0.0,0.0,49.6,30.9,19.3,1014.9,92.5,15.6,55.1,4.8,2.0,10.0,05:42:28,1746355348,19:52:54,1746406374,0.25,"Rain, Overcast",Cloudy skies throughout the day with rain.,rain,"['72534014819', 'USW00014819', 'KORD', 'KMDW', '72530094846', 'F1983', '74466504838']",obs,,216
2025-05-05,W,589882,399546,989428,8891,1746421200,15.8,8.5,11.6,15.8,5.7,10.5,7.8,78.2,1.055,100.0,12.5,['rain'],0.0,0.0,44.6,30.7,48.3,1015.7,85.3,14.9,57.5,5.0,3.0,10.0,05:41:13,1746441673,19:53:59,1746492839,0.27,"Rain, Partially cloudy",Partly cloudy throughout the day with rain clearing later.,rain,"['72534014819', 'USW00014819', 'KORD', 'KMDW', '72530094846', 'F1983', '74466504838']",obs,,217
2025-05-06,W,643704,461004,1104708,8892,1746507600,24.8,7.9,16.6,24.8,6.3,16.3,8.2,61.4,0.0,0.0,0.0,,0.0,0.0,41.9,25.6,310.4,1015.8,57.4,15.5,109.5,9.6,7.0,10.0,05:40:00,1746528000,19:55:03,1746579303,0.3,Partially cloudy,Partly cloudy throughout the day.,partly-cloudy-day,"['72534014819', 'USW00014819', 'KORD', 'KMDW', '72530094846', 'F1983', '74466504838']",obs,,218
2025-05-07,W,637290,458714,1096004,8893,1746594000,22.2,9.5,15.1,22.2,6.4,15.0,7.3,60.5,0.0,0.0,0.0,,0.0,0.0,55.4,29.4,31.4,1017.6,76.3,16.0,98.1,8.5,5.0,10.0,05:38:48,1746614328,19:56:07,1746665767,0.33,Partially cloudy,Partly cloudy throughout the day.,partly-cloudy-day,"['72534014819', 'USW00014819', 'KORD', 'KMDW', '72530094846', 'F1983', '74466504838']",obs,,219
2025-05-08,W,624984,445646,1070630,8894,1746680400,14.7,7.6,11.0,14.7,5.2,9.6,3.0,58.6,0.0,0.0,0.0,,0.0,0.0,52.7,36.6,31.0,1021.5,57.9,16.0,109.6,9.3,8.0,10.0,05:37:37,1746700657,19:57:11,1746752231,0.37,Partially cloudy,Partly cloudy throughout the day.,partly-cloudy-day,"['72534014819', 'USW00014819', 'KORD', 'KMDW', '72530094846', 'F1983', '74466504838', 'KPWK']",obs,,220
2025-05-09,W,604932,396963,1001895,8895,1746766800,18.0,4.2,11.9,18.0,3.1,11.3,-2.1,43.0,0.0,0.0,0.0,,0.0,0.0,29.2,16.1,46.1,1023.1,39.9,15.9,171.8,14.7,9.0,10.0,05:36:28,1746786988,19:58:14,1746838694,0.4,Partially cloudy,Partly cloudy throughout the day.,partly-cloudy-day,"['72534014819', 'USW00014819', 'KORD', 'KMDW', '72530094846', 'F1983', '74466504838']",obs,,221
2025-05-10,A,420315,296008,716323,8896,1746853200,22.8,9.7,13.8,22.8,7.3,13.7,-0.6,37.8,0.0,0.0,0.0,,0.0,0.0,53.8,38.5,16.8,1023.1,25.8,16.0,124.1,10.6,8.0,10.0,05:35:21,1746873321,19:59:17,1746925157,0.43,Partially cloudy,Partly cloudy throughout the day.,partly-cloudy-day,"['72534014819', 'USW00014819', 'KORD', 'KMDW', '72530094846', 'F1983', '74466504838']",obs,,222
2025-05-11,U,314094,218681,532775,8897,1746939600,21.9,7.5,14.7,21.9,5.5,14.2,4.0,50.6,0.0,0.0,0.0,,0.0,0.0,37.1,17.9,47.3,1024.4,14.6,16.0,165.9,14.4,9.0,10.0,05:34:15,1746959655,20:00:20,1747011620,0.47,Clear,Clear conditions throughout the day.,clear-day,"['72534014819', 'USW00014819', 'KORD', 'KMDW', '72530094846', 'F1983', '74466504838']",obs,,223
2025-05-12,W,573953,389496,963449,8898,1747026000,26.2,11.5,18.6,26.2,11.5,18.6,7.7,50.9,0.231,100.0,4.17,['rain'],0.0,0.0,28.1,18.3,68.1,1016.0,66.3,16.0,131.8,11.4,9.0,10.0,05:33:10,1747045990,20:01:22,1747098082,0.5,"Rain, Partially cloudy",Partly cloudy throughout the day with late afternoon rain.,rain,"['72534014819', 'USW00014819', 'KORD', 'KMDW', '72530094846', 'F1983', '74466504838']",obs,,224
2025-05-13,W,620509,449177,1069686,8899,1747112400,25.4,16.6,20.5,25.4,16.6,20.5,14.9,71.3,0.014,100.0,4.17,['rain'],0.0,0.0,28.1,22.0,88.9,1009.4,82.7,15.9,99.4,8.7,5.0,10.0,05:32:07,1747132327,20:02:24,1747184544,0.53,"Rain, Partially cloudy",Partly cloudy throughout the day with early morning rain.,rain,"['72534014819', 'USW00014819', 'KORD', 'KMDW', '72530094846', 'F1983', '74466504838']",obs,,225
2025-05-14,W,629950,458800,1088750,8900,1747198800,25.7,15.9,19.8,25.7,15.9,19.8,14.4,71.9,0.0,0.0,0.0,,0.0,0.0,31.7,21.2,75.7,1006.6,74.5,14.5,131.4,11.1,8.0,10.0,05:31:06,1747218666,20:03:25,1747271005,0.57,Partially cloudy,Partly cloudy throughout the day.,partly-cloudy-day,"['72534014819', 'USW00014819', 'KORD', 'KMDW', '72530094846', 'F1983', '74466504838']",obs,,226
2025-05-15,W,616122,445308,1061430,8901,1747285200,34.8,16.4,25.1,36.0,16.4,25.6,15.9,59.8,1.965,100.0,4.17,['rain'],0.0,0.0,71.4,42.6,185.1,1000.4,49.4,15.8,98.3,8.4,5.0,75.0,05:30:07,1747305007,20:04:25,1747357465,0.6,"Rain, Partially cloudy",Partly cloudy throughout the day with late afternoon rain.,rain,"['72534014819', 'USW00014819', '72212604879', 'KORD', 'KMDW', '72530094846', 'F1983', '74466504838']",obs,,227
2025-05-16,W,592484,436029,1028513,8902,1747371600,30.9,18.5,24.7,29.0,18.5,24.1,8.3,37.6,0.0,0.0,0.0,,0.0,0.0,85.2,52.5,212.4,998.7,35.3,14.8,159.7,13.7,9.0,30.0,05:29:09,1747391349,20:05:26,1747443926,0.64,Partially cloudy,Becoming cloudy in the afternoon.,wind,"['72534014819', 'USW00014819', 'KORD', 'KMDW', '72530094846', 'F1983', '74466504838']",obs,,228
2025-05-17,A,414456,343401,757857,8903,1747458000,21.2,12.7,17.1,21.2,12.7,17.1,6.0,48.7,0.0,0.0,0.0,,0.0,0.0,62.0,37.3,274.5,1003.0,91.3,16.0,60.2,5.0,4.0,10.0,05:28:12,1747477692,20:06:25,1747530385,0.67,Overcast,Cloudy skies throughout the day.,cloudy,"['72534014819', 'USW00014819', 'KORD', 'KMDW', '72530094846', 'F1983', '74466504838']",obs,,229
2025-05-18,U,335172,284891,620063,8904,1747544400,16.7,9.0,13.3,16.7,6.2,13.0,6.4,63.2,0.0,0.0,0.0,,0.0,0.0,35.6,20.3,32.7,1014.2,52.2,16.0,72.8,6.3,2.0,10.0,05:27:18,1747564038,20:07:24,1747616844,0.71,Partially cloudy,Partly cloudy throughout the day.,partly-cloudy-day,"['72534014819', 'USW00014819', 'KORD', 'KMDW', '72530094846', 'F1983', '74466504838']",obs,,230
2025-05-19,W,573428,390230,963658,8905,1747630800,13.5,7.5,9.8,13.5,3.8,8.3,4.6,69.9,0.0,0.0,0.0,,0.0,0.0,45.0,26.4,36.6,1017.6,88.8,16.0,73.3,6.4,4.0,10.0,05:26:25,1747650385,20:08:22,1747703302,0.74,Partially cloudy,Partly cloudy throughout the day.,partly-cloudy-day,"['72534014819', 'USW00014819', 'KORD', 'KMDW', '72530094846', 'F1983', '74466504838']",obs,,231
2025-05-20,W,553818,404774,958592,8906,1747717200,14.1,9.8,12.6,14.1,6.4,12.5,9.5,81.8,13.577,100.0,70.83,['rain'],0.0,0.0,59.7,39.2,97.4,1007.4,99.6,12.7,13.9,1.2,0.0,10.0,05:25:34,1747736734,20:09:19,1747789759,0.75,"Rain, Overcast",Cloudy skies throughout the day with a chance of rain throughout the day.,rain,"['72534014819', 'USW00014819', 'KORD', 'KMDW', '72530094846', 'F1983', '74466504838']",obs,,232
2025-05-21,W,599362,425319,1024681,8907,1747803600,11.9,9.8,10.7,11.9,7.4,10.3,8.9,88.7,1.646,100.0,41.67,['rain'],0.0,0.0,38.9,20.0,338.2,1006.7,100.0,8.9,17.1,1.6,1.0,10.0,05:24:45,1747823085,20:10:16,1747876216,0.81,"Rain, Overcast",Cloudy skies throughout the day with a chance of rain throughout the day.,rain,"['72534014819', 'USW00014819', 'KORD', 'KMDW', '72530094846', 'F1983', '74466504838', 'KPWK']",obs,,233
2025-05-22,W,608486,447897,1056383,8908,1747890000,13.2,9.2,11.0,13.2,7.0,10.3,5.5,69.6,0.0,0.0,0.0,,0.0,0.0,40.3,21.3,350.9,1014.5,90.6,15.8,43.3,3.7,2.0,10.0,05:23:57,1747909437,20:11:12,1747962672,0.85,Overcast,Cloudy skies throughout the day.,cloudy,"['72534014819', 'USW00014819', 'KORD', 'KMDW', '72530094846', 'F1983', '74466504838']",obs,,234
2025-05-23,W,586037,396204,982241,8909,1747976400,16.5,7.0,11.4,16.5,7.0,11.3,4.2,62.8,0.0,0.0,0.0,,0.0,0.0,37.1,21.8,73.0,1018.5,40.8,16.0,140.7,12.0,9.0,10.0,05:23:12,1747995792,20:12:07,1748049127,0.88,Partially cloudy,Clearing in the afternoon.,partly-cloudy-day,"['72534014819', 'USW00014819', 'KORD', 'KMDW', '72530094846', 'F1983', '74466504838']",obs,,235
2025-05-24,A,410761,342808,753569,8910,1748062800,17.8,8.4,13.2,17.8,7.9,13.2,5.0,58.8,0.0,0.0,0.0,,0.0,0.0,34.6,21.4,79.2,1022.9,69.3,16.0,127.4,11.2,9.0,10.0,05:22:28,1748082148,20:13:01,1748135581,0.92,Partially cloudy,Partly cloudy throughout the day.,partly-cloudy-day,"['72534014819', 'USW00014819', 'KORD', 'KMDW', '72530094846', 'F1983', '74466504838']",obs,,236
2025-05-25,U,331906,272960,604866,8911,1748149200,18.8,11.6,14.3,18.8,11.6,14.3,5.4,56.9,1.133,100.0,16.67,['rain'],0.0,0.0,29.5,20.6,71.1,1025.3,74.8,16.0,86.0,7.5,9.0,10.0,05:21:47,1748168507,20:13:54,1748222034,0.95,"Rain, Partially cloudy",Partly cloudy throughout the day with rain clearing later.,rain,"['72534014819', 'USW00014819', 'KORD', 'KMDW', '72530094846', 'F1983', '74466504838']",obs,,237
2025-05-26,U,320282,242292,562574,8912,1748235600,19.1,8.4,14.1,19.1,8.2,14.0,5.3,56.6,0.0,0.0,0.0,,0.0,0.0,33.5,26.4,33.4,1025.2,67.1,16.0,141.0,12.3,6.0,10.0,05:21:07,1748254867,20:14:47,1748308487,0.0,Partially cloudy,Partly cloudy throughout the day.,partly-cloudy-day,"['72534014819', 'USW00014819', 'KORD', 'KMDW', '72530094846', 'F1983', '74466504838']",obs,,238
2025-05-27,W,593862,422731,1016593,8913,1748322000,19.3,12.6,16.1,19.3,12.6,16.1,7.0,55.4,0.0,0.0,0.0,,0.0,0.0,32.4,21.3,39.3,1021.3,90.5,16.0,75.5,6.5,5.0,10.0,05:20:29,1748341229,20:15:38,1748394938,0.02,Overcast,Cloudy skies throughout the day.,cloudy,"['72534014819', 'USW00014819', 'KORD', 'KMDW', '72530094846', 'F1983', '74466504838']",obs,,239
2025-05-28,W,587320,433959,1021279,8914,1748408400,16.9,13.2,14.8,16.9,13.2,14.8,10.2,74.2,10.077,100.0,25.0,['rain'],0.0,0.0,30.6,17.6,23.0,1017.6,96.9,14.6,43.7,3.8,2.0,10.0,05:19:53,1748427593,20:16:28,1748481388,0.05,"Rain, Overcast",Cloudy skies throughout the day with morning rain.,rain,"['72534014819', 'USW00014819', 'KORD', 'KMDW', '72530094846', 'F1983', '74466504838']",obs,,240
2025-05-29,W,615721,440293,1056014,8915,1748494800,21.6,12.1,17.0,21.6,12.1,17.0,10.0,66.4,0.0,0.0,0.0,,0.0,0.0,25.9,16.8,276.5,1016.7,86.0,14.1,100.7,8.7,6.0,10.0,05:19:19,1748513959,20:17:17,1748567837,0.08,Partially cloudy,Partly cloudy throughout the day.,partly-cloudy-day,"['72534014819', 'USW00014819', '72212604879', 'KORD', 'KMDW', '72530094846', 'F1983', '74466504838', 'KPWK']",obs,,241
2025-05-30,W,591406,415802,1007208,8916,1748581200,23.1,12.6,19.0,23.1,12.6,19.0,9.2,55.3,0.0,0.0,0.0,,0.0,0.0,42.8,25.9,306.7,1009.1,62.7,15.8,101.6,9.0,7.0,10.0,05:18:47,1748600327,20:18:05,1748654285,0.12,Partially cloudy,Becoming cloudy in the afternoon.,partly-cloudy-day,"['72534014819', 'USW00014819', 'KORD', 'KMDW', '72530094846', 'F1983', '74466504838', 'KPWK']",obs,,242
2025-05-31,A,421327,334489,755816,8917,1748667600,18.2,11.5,14.6,18.2,11.5,14.6,3.4,48.6,0.0,0.0,0.0,,0.0,0.0,34.9,23.2,35.2,1009.6,45.7,16.0,134.4,11.8,8.0,10.0,05:18:17,1748686697,20:18:52,1748740732,0.15,Partially cloudy,Partly cloudy throughout the day.,partly-cloudy-day,"['72534014819', 'USW00014819', 'KORD', 'KMDW', '72530094846', 'F1983', '74466504838', 'KPWK']",obs,,243
2025-06-01,U,322578,268696,591274,8918,1748754000,18.7,9.0,14.5,18.7,8.5,14.5,1.0,42.0,0.0,0.0,0.0,,0.0,0.0,27.4,18.7,79.3,1013.4,28.3,16.0,138.5,12.0,8.0,10.0,05:17:49,1748773069,20:19:37,1748827177,0.18,Partially cloudy,Clearing in the afternoon.,partly-cloudy-day,"['72534014819', 'USW00014819', 'KORD', 'KMDW', '72530094846', 'F1983', '74466504838']",obs,,244
2025-06-02,W,584625,397717,982342,8919,1748840400,29.2,10.5,20.9,27.7,10.5,20.5,3.7,33.9,0.0,0.0,0.0,,0.0,0.0,37.1,21.2,206.4,1014.4,65.8,16.0,112.6,9.7,5.0,10.0,05:17:23,1748859443,20:20:21,1748913621,0.25,Partially cloudy,Partly cloudy throughout the day.,partly-cloudy-day,"['72534014819', 'USW00014819', 'KORD', 'KMDW', '72530094846', 'F1983', '74466504838']",obs,,245
2025-06-03,W,630210,448413,1078623,8920,1748926800,31.4,20.9,26.1,30.9,20.9,26.0,13.7,47.0,0.613,100.0,8.33,['rain'],0.0,0.0,70.6,44.5,201.9,1010.0,81.9,16.0,108.3,9.3,7.0,10.0,05:16:59,1748945819,20:21:04,1749000064,0.25,"Rain, Partially cloudy",Partly cloudy throughout the day with rain.,rain,"['72534014819', 'USW00014819', 'KORD', 'KMDW', '72530094846', 'F1983', '74466504838']",obs,,246
2025-06-04,W,567567,422523,990090,8921,1749013200,24.3,14.9,18.1,24.3,14.9,18.1,15.0,82.2,19.279,100.0,54.17,['rain'],0.0,0.0,55.1,24.4,13.3,1014.6,97.2,10.9,25.8,2.0,1.0,10.0,05:16:38,1749032198,20:21:45,1749086505,0.28,"Rain, Overcast",Cloudy skies throughout the day with a chance of rain throughout the day.,rain,"['72534014819', 'USW00014819', 'KORD', 'KMDW', '72530094846', 'F1983', '74466504838', 'KPWK']",obs,,247
2025-06-05,W,621275,456561,1077836,8922,1749099600,21.8,13.1,17.9,21.8,13.1,17.9,11.9,69.3,0.0,0.0,0.0,,0.0,0.0,47.3,28.2,36.6,1017.5,76.1,9.3,126.9,11.2,8.0,10.0,05:16:18,1749118578,20:22:25,1749172945,0.32,Partially cloudy,Partly cloudy throughout the day.,partly-cloudy-day,"['72534014819', 'USW00014819', 'KORD', 'KMDW', '72530094846', 'F1983', '74466504838']",obs,,248
2025-06-06,W,585906,427847,1013753,8923,1749186000,24.9,16.0,20.2,24.9,16.0,20.2,8.3,47.6,0.0,0.0,0.0,,0.0,0.0,38.9,21.4,36.7,1014.3,73.4,14.0,132.7,11.5,8.0,10.0,05:16:00,1749204960,20:23:04,1749259384,0.35,Partially cloudy,Partly cloudy throughout the day.,partly-cloudy-day,"['72534014819', 'USW00014819', 'KORD', 'KMDW', '72530094846', 'F1983', '74466504838']",obs,,249
2025-06-07,A,431202,347676,778878,8924,1749272400,24.8,14.5,19.8,24.8,14.5,19.8,10.6,55.8,0.0,0.0,0.0,,0.0,0.0,25.9,21.6,55.4,1011.2,64.9,15.4,90.4,7.9,5.0,10.0,05:15:45,1749291345,20:23:41,1749345821,0.38,Partially cloudy,Partly cloudy throughout the day.,partly-cloudy-day,"['72534014819', 'USW00014819', 'KORD', 'KMDW', '72530094846', 'F1983', '74466504838']",obs,,250
2025-06-08,U,330390,266245,596635,8925,1749358800,27.3,16.0,20.2,27.4,16.0,20.2,14.1,69.1,13.652,100.0,29.17,['rain'],0.0,0.0,49.1,29.7,243.5,1006.3,62.6,14.3,133.5,11.5,8.0,10.0,05:15:31,1749377731,20:24:16,1749432256,0.41,"Rain, Partially cloudy",Becoming cloudy in the afternoon with rain.,rain,"['72534014819', 'USW00014819', 'KORD', 'KMDW', '72530094846', 'F1983', '74466504838']",obs,,251
2025-06-09,W,563488,394008,957496,8926,1749445200,22.7,13.7,18.1,22.7,13.7,18.1,9.8,60.6,0.0,0.0,0.0,,0.0,0.0,52.6,31.2,248.4,1005.3,43.0,15.9,78.7,6.6,5.0,10.0,05:15:20,1749464120,20:24:50,1749518690,0.45,Partially cloudy,Partly cloudy throughout the day.,partly-cloudy-day,"['72534014819', 'USW00014819', 'KORD', 'KMDW', '72530094846', 'F1983', '74466504838']",obs,,252
2025-06-10,W,598056,460364,1058420,8927,1749531600,26.0,13.4,19.9,26.0,13.4,19.9,9.6,53.4,0.0,0.0,0.0,,0.0,0.0,43.4,28.2,262.2,1011.6,45.4,16.0,119.2,10.3,5.0,10.0,05:15:10,1749550510,20:25:23,1749605123,0.48,Partially cloudy,Becoming cloudy in the afternoon.,partly-cloudy-day,"['72534014819', 'USW00014819', 'KORD', 'KMDW', '72530094846', 'F1983', '74466504838']",obs,,253
2025-06-11,W,615905,457654,1073559,8928,1749618000,33.0,18.3,25.7,32.0,18.3,25.4,13.2,48.3,0.0,0.0,0.0,,0.0,0.0,47.3,30.0,231.5,1015.0,49.5,16.0,113.0,9.8,8.0,10.0,05:15:03,1749636903,20:25:53,1749691553,0.5,Partially cloudy,Partly cloudy throughout the day.,partly-cloudy-day,"['72534014819', 'USW00014819', 'KORD', 'KMDW', '72530094846', 'F1983', '74466504838']",obs,,254
2025-06-12,W,597722,483910,1081632,8929,1749704400,27.0,18.1,22.9,27.4,18.1,23.0,13.9,57.1,0.0,0.0,0.0,,0.0,0.0,33.5,21.2,30.7,1016.4,93.8,14.6,91.5,7.9,4.0,10.0,05:14:58,1749723298,20:26:22,1749777982,0.55,Overcast,Cloudy skies throughout the day.,cloudy,"['72534014819', 'USW00014819', 'KORD', 'KMDW', '72530094846', 'F1983', '74466504838']",obs,,255
2025-06-13,W,524099,424996,949095,8930,1749790800,21.8,17.4,19.5,21.8,17.4,19.5,15.3,76.5,1.276,100.0,29.17,['rain'],0.0,0.0,25.6,17.7,52.0,1015.4,98.5,11.1,24.8,2.0,1.0,10.0,05:14:54,1749809694,20:26:49,1749864409,0.58,"Rain, Overcast",Cloudy skies throughout the day with rain in the morning and afternoon.,rain,"['72534014819', 'USW00014819', 'KORD', 'KMDW', '72530094846', 'F1983', '74466504838', 'KPWK']",obs,,256
2025-06-14,A,410694,435787,846481,8931,1749877200,23.8,16.9,19.2,23.8,16.9,19.2,14.2,73.2,0.0,0.0,0.0,,0.0,0.0,30.6,22.1,48.2,1016.3,78.5,14.3,41.9,3.6,2.0,10.0,05:14:53,1749896093,20:27:15,1749950835,0.62,Partially cloudy,Partly cloudy throughout the day.,partly-cloudy-day,"['72534014819', 'USW00014819', 'KORD', 'KMDW', '72530094846', 'F1983', '74466504838']",obs,,257
2025-06-15,U,328845,273439,602284,8932,1749963600,27.0,15.3,21.2,27.2,15.3,21.2,13.0,60.8,0.0,0.0,0.0,,0.0,0.0,31.7,22.4,52.3,1018.1,71.1,16.0,122.5,10.5,7.0,10.0,05:14:54,1749982494,20:27:38,1750037258,0.66,Partially cloudy,Partly cloudy throughout the day.,partly-cloudy-day,"['72534014819', 'USW00014819', 'KORD', 'KMDW', '72530094846', 'F1983', '74466504838']",obs,,258
2025-06-16,W,527665,378666,906331,8933,1750050000,29.6,17.6,23.9,29.2,17.6,23.8,14.1,56.3,0.0,0.0,0.0,,0.0,0.0,35.9,20.0,110.9,1014.0,70.1,16.0,117.7,10.2,8.0,10.0,05:14:57,1750068897,20:28:00,1750123680,0.69,Partially cloudy,Partly cloudy throughout the day.,partly-cloudy-day,"['72534014819', 'USW00014819', 'KORD', 'KMDW', '72530094846', 'F1983', '74466504838']",obs,,259
2025-06-17,W,570086,464308,1034394,8934,1750136400,33.1,22.6,28.0,34.2,22.6,28.8,18.7,59.2,0.0,0.0,0.0,,0.0,0.0,43.0,28.2,217.8,1008.0,71.6,15.9,143.0,12.4,8.0,30.0,05:15:02,1750155302,20:28:20,1750210100,0.73,Partially cloudy,Partly cloudy throughout the day.,partly-cloudy-day,"['72534014819', 'USW00014819', 'KORD', 'KMDW', '72530094846', 'F1983', '74466504838']",obs,,260
2025-06-18,W,517630,417493,935123,8935,1750222800,27.6,19.9,22.7,29.3,19.9,23.0,19.8,83.7,41.403,100.0,62.5,['rain'],0.0,0.0,52.6,20.9,272.8,1006.6,93.9,12.0,48.8,4.1,3.0,10.0,05:15:09,1750241709,20:28:38,1750296518,0.75,"Rain, Overcast",Cloudy skies throughout the day with a chance of rain throughout the day.,rain,"['72534014819', 'USW00014819', 'KORD', 'KMDW', '72530094846', 'F1983', '74466504838', 'KPWK']",obs,,261
2025-06-19,W,494295,389226,883521,8936,1750309200,28.3,18.9,23.7,28.7,18.9,23.8,16.7,67.3,13.162,100.0,16.67,['rain'],0.0,0.0,42.6,23.4,284.5,1010.7,74.0,14.9,73.2,6.3,5.0,30.0,05:15:18,1750328118,20:28:54,1750382934,0.8,"Rain, Partially cloudy",Partly cloudy throughout the day with early morning rain.,rain,"['72534014819', 'USW00014819', 'KORD', 'KMDW', '72530094846', 'F1983', '74466504838']",obs,,262
2025-06-20,W,538237,427618,965855,8937,1750395600,29.9,21.5,25.3,30.0,21.5,25.6,17.0,60.8,0.0,0.0,0.0,,0.0,0.0,47.7,29.4,212.2,1012.9,58.4,16.0,37.8,3.2,3.0,15.0,05:15:28,1750414528,20:29:08,1750469348,0.83,Partially cloudy,Partly cloudy throughout the day.,partly-cloudy-day,"['72534014819', 'USW00014819', 'KORD', 'KMDW', '72530094846', 'F1983', '74466504838']",obs,,263
2025-06-21,A,413637,354634,768271,8938,1750482000,34.9,25.2,30.1,39.9,25.2,33.0,21.5,60.9,0.0,0.0,0.0,,0.0,0.0,67.7,45.9,211.4,1009.7,33.1,16.0,136.8,11.9,8.0,75.0,05:15:41,1750500941,20:29:20,1750555760,0.87,Partially cloudy,Partly cloudy throughout the day.,partly-cloudy-day,"['72534014819', 'USW00014819', 'KORD', 'KMDW', '72530094846', 'F1983', '74466504838']",obs,,264
2025-06-22,U,313881,266745,580626,8939,1750568400,34.9,26.7,30.8,39.2,28.8,34.4,22.2,61.3,0.0,0.0,0.0,,0.0,0.0,54.5,36.3,214.7,1014.2,17.8,16.0,115.2,9.9,7.0,60.0,05:15:56,1750587356,20:29:31,1750642171,0.9,Clear,Clear conditions throughout the day.,clear-day,"['72534014819', 'USW00014819', 'KORD', 'KMDW', '72530094846', 'F1983', '74466504838']",obs,,265
2025-06-23,W,503644,371307,874951,8940,1750654800,34.8,26.2,30.9,38.1,26.2,33.6,21.3,57.5,0.0,0.0,0.0,,0.0,0.0,51.6,31.5,218.8,1017.0,24.8,16.0,137.6,12.0,8.0,30.0,05:16:12,1750673772,20:29:39,1750728579,0.94,Partially cloudy,Partly cloudy throughout the day.,partly-cloudy-day,"['72534014819', 'USW00014819', 'KORD', 'KMDW', '72530094846', 'F1983', '74466504838']",obs,,266
2025-06-24,W,551167,423488,974655,8941,1750741200,34.1,24.4,29.1,37.7,24.4,31.2,20.5,60.6,0.946,100.0,12.5,['rain'],0.0,0.0,47.9,25.2,217.3,1019.4,78.2,16.0,84.4,7.3,5.0,30.0,05:16:30,1750760190,20:29:45,1750814985,0.97,"Rain, Partially cloudy",Partly cloudy throughout the day with late afternoon rain.,rain,"['72534014819', 'USW00014819', 'KORD', 'KMDW', '72530094846', 'F1983', '74466504838', 'KPWK']",obs,,267
2025-06-25,W,571409,444413,1015822,8942,1750827600,30.8,22.1,25.5,34.2,22.1,26.3,21.2,78.1,10.812,100.0,29.17,['rain'],0.0,0.0,26.6,17.8,75.1,1018.9,83.6,14.6,53.9,4.5,4.0,10.0,05:16:51,1750846611,20:29:49,1750901389,0.0,"Rain, Partially cloudy",Partly cloudy throughout the day with rain.,rain,"['72534014819', 'USW00014819', 'KORD', 'KMDW', '72530094846', 'F1983', '74466504838']",obs,,268
2025-06-26,W,561301,471300,1032601,8943,1750914000,34.8,25.4,29.9,38.6,25.4,32.3,21.6,62.4,0.028,100.0,8.33,['rain'],0.0,0.0,37.1,21.4,225.3,1013.5,46.4,16.0,105.7,9.1,6.0,60.0,05:17:13,1750933033,20:29:51,1750987791,0.04,"Rain, Partially cloudy",Partly cloudy throughout the day with rain.,rain,"['72534014819', 'USW00014819', 'KORD', 'KMDW', '72530094846', 'F1983', '74466504838', 'KPWK']",obs,,269
2025-06-27,W,543140,416639,959779,8944,1751000400,31.4,25.2,28.5,33.5,25.2,30.0,20.1,61.2,0.014,100.0,4.17,['rain'],0.0,0.0,50.4,29.0,246.2,1011.6,54.5,16.0,95.5,8.4,7.0,60.0,05:17:36,1751019456,20:29:51,1751074191,0.07,"Rain, Partially cloudy",Partly cloudy throughout the day with morning rain.,rain,"['72534014819', 'USW00014819', 'KORD', 'KMDW', '72530094846', 'F1983', '74466504838']",obs,,270
2025-06-28,A,427366,337560,764926,8945,1751086800,29.6,21.3,25.1,30.6,21.3,25.5,17.7,63.9,0.0,0.0,0.0,,0.0,0.0,23.8,17.4,84.3,1015.4,33.6,16.0,140.5,12.1,9.0,10.0,05:18:02,1751105882,20:29:49,1751160589,0.11,Partially cloudy,Partly cloudy throughout the day.,partly-cloudy-day,"['72534014819', 'USW00014819', 'KORD', 'KMDW', '72530094846', 'F1983', '74466504838', 'KPWK']",obs,,271
2025-06-29,U,316118,323242,639360,8946,1751173200,33.2,23.9,28.4,35.2,23.9,30.0,20.1,61.6,1.222,100.0,8.33,['rain'],0.0,0.0,94.7,24.6,168.1,1013.0,55.1,16.0,95.8,8.1,7.0,30.0,05:18:29,1751192309,20:29:45,1751246985,0.14,"Rain, Partially cloudy",Partly cloudy throughout the day with late afternoon rain.,rain,"['72534014819', 'USW00014819', 'KORD', 'KMDW', '72530094846', 'F1983', '74466504838', 'KPWK']",obs,,272
2025-06-30,W,534839,376363,911202,8947,1751259600,32.7,23.7,28.1,33.7,23.7,28.8,19.4,61.4,0.0,0.0,0.0,,0.0,0.0,34.6,23.9,287.6,1010.1,82.2,16.0,85.4,7.5,6.0,30.0,05:18:58,1751278738,20:29:38,1751333378,0.17,Partially cloudy,Partly cloudy throughout the day.,partly-cloudy-day,"['72534014819', 'USW00014819', 'KORD', 'KMDW', '72530094846', 'F1983', '74466504838', 'KPWK']",obs,,273
2025-07-01,W,602025,451361,1053386,8948,1751346000,31.0,22.0,26.6,30.3,22.0,26.6,15.9,53.1,0.0,0.0,0.0,,0.0,0.0,33.5,19.9,337.3,1012.5,30.8,16.0,122.9,10.6,7.0,10.0,05:19:28,1751365168,20:29:30,1751419770,0.2,Partially cloudy,Partly cloudy throughout the day.,partly-cloudy-day,"['72534014819', 'USW00014819', 'KORD', 'KMDW', '72530094846', 'F1983', '74466504838']",obs,,274
2025-07-02,W,578603,438612,1017215,8949,1751432400,32.3,21.6,27.7,31.3,21.6,27.4,15.2,48.4,0.0,0.0,0.0,,0.0,0.0,42.5,22.0,268.8,1013.7,57.1,16.0,112.9,9.8,5.0,10.0,05:20:00,1751451600,20:29:19,1751506159,0.25,Partially cloudy,Partly cloudy throughout the day.,partly-cloudy-day,"['72534014819', 'USW00014819', 'KORD', 'KMDW', '72530094846', 'F1983', '74466504838']",obs,,275
2025-07-03,W,553468,425260,978728,8950,1751518800,32.7,22.7,28.4,33.4,22.7,28.7,17.2,51.9,0.0,0.0,0.0,,0.0,0.0,22.0,18.9,265.0,1014.4,30.7,16.0,91.4,8.0,6.0,30.0,05:20:33,1751538033,20:29:06,1751592546,0.27,Partially cloudy,Partly cloudy throughout the day.,partly-cloudy-day,"['72534014819', 'USW00014819', 'KORD', 'KMDW', '72530094846', 'F1983', '74466504838']",obs,,276
2025-07-04,U,316641,277046,593687,8951,1751605200,33.2,24.2,28.1,35.2,24.2,28.9,19.1,58.8,2.255,100.0,12.5,['rain'],0.0,0.0,29.5,22.3,204.8,1016.7,76.0,15.8,46.6,3.9,5.0,30.0,05:21:08,1751624468,20:28:52,1751678932,0.3,"Rain, Partially cloudy",Partly cloudy throughout the day with morning rain.,rain,"['72534014819', 'USW00014819', 'KORD', 'KMDW', '72530094846', 'F1983', '74466504838']",obs,,277
2025-07-05,A,371741,332533,704274,8952,1751691600,34.2,24.9,30.0,34.9,24.9,30.8,18.1,50.3,0.0,0.0,0.0,,0.0,0.0,49.3,32.0,213.0,1014.1,40.6,15.7,109.8,9.4,6.0,10.0,05:21:45,1751710905,20:28:35,1751765315,0.33,Partially cloudy,Partly cloudy throughout the day.,partly-cloudy-day,"['72534014819', 'USW00014819', 'KORD', 'KMDW', '72530094846', 'F1983', '74466504838']",obs,,278
2025-07-06,U,294228,264632,558860,8953,1751778000,29.5,21.3,25.8,32.3,21.3,26.8,20.0,71.0,13.266,100.0,16.67,['rain'],0.0,0.0,41.0,24.8,264.5,1010.5,89.7,15.8,44.2,3.6,2.0,30.0,05:22:23,1751797343,20:28:16,1751851696,0.37,"Rain, Partially cloudy",Partly cloudy throughout the day with rain.,rain,"['72534014819', 'USW00014819', 'KORD', 'KMDW', '72530094846', 'F1983', '74466504838', 'KPWK']",obs,,279
2025-07-07,W,539247,392503,931750,8954,1751864400,27.7,19.2,22.9,27.4,19.2,22.9,15.2,63.6,0.0,0.0,0.0,,0.0,0.0,35.6,22.8,27.5,1015.9,67.6,16.0,112.6,9.5,6.0,10.0,05:23:02,1751883782,20:27:55,1751938075,0.4,Partially cloudy,Clearing in the afternoon.,partly-cloudy-day,"['72534014819', 'USW00014819', 'KORD', 'KMDW', '72530094846', 'F1983', '74466504838']",obs,,280
2025-07-08,W,564820,436204,1001024,8955,1751950800,28.6,21.1,24.7,29.6,21.1,24.9,17.4,64.7,1.529,100.0,33.33,['rain'],0.0,0.0,41.6,19.0,226.0,1016.7,78.0,15.6,77.3,6.6,6.0,10.0,05:23:42,1751970222,20:27:31,1752024451,0.43,"Rain, Partially cloudy",Partly cloudy throughout the day with rain.,rain,"['72534014819', 'USW00014819', 'KORD', 'KMDW', '72530094846', 'F1983', '74466504838']",obs,,281
2025-07-09,W,577539,439416,1016955,8956,1752037200,28.1,21.5,23.5,29.6,21.5,23.6,19.4,78.3,0.054,100.0,4.17,['rain'],0.0,0.0,32.0,19.9,25.2,1015.2,81.5,14.4,106.1,9.2,8.0,30.0,05:24:24,1752056664,20:27:06,1752110826,0.46,"Rain, Partially cloudy",Partly cloudy throughout the day with afternoon rain.,rain,"['72534014819', 'USW00014819', 'KORD', 'KMDW', '72530094846', 'F1983', '74466504838']",obs,,282
2025-07-10,W,583325,447221,1030546,8957,1752123600,28.4,20.7,24.2,28.8,20.7,24.4,17.2,66.3,5.833,100.0,16.67,['rain'],0.0,0.0,55.4,21.2,61.9,1013.8,84.2,15.4,107.3,9.2,7.0,10.0,05:25:07,1752143107,20:26:39,1752197199,0.5,"Rain, Partially cloudy",Partly cloudy throughout the day with late afternoon rain.,rain,"['72534014819', 'USW00014819', 'KORD', 'KMDW', '72530094846', 'F1983', '74466504838']",obs,,283
2025-07-11,W,526443,400995,927438,8958,1752210000,32.7,22.0,26.7,35.6,22.0,27.9,21.1,73.5,28.501,100.0,33.33,['rain'],0.0,0.0,49.6,24.6,204.1,1010.9,90.9,14.2,79.7,6.9,7.0,60.0,05:25:52,1752229552,20:26:09,1752283569,0.53,"Rain, Overcast",Cloudy skies throughout the day with rain.,rain,"['72534014819', 'USW00014819', 'KORD', 'KMDW', '72530094846', 'F1983', '74466504838', 'KPWK']",obs,,284
2025-07-12,A,422226,330530,752756,8959,1752296400,28.4,21.9,25.3,30.2,21.9,25.8,19.9,72.5,0.811,100.0,12.5,['rain'],0.0,0.0,31.7,23.1,247.4,1010.7,82.7,16.0,57.4,4.9,3.0,30.0,05:26:37,1752315997,20:25:38,1752369938,0.57,"Rain, Partially cloudy",Partly cloudy throughout the day with early morning rain.,rain,"['72534014819', 'USW00014819', 'KORD', 'KMDW', '72530094846', 'F1983', 'KPWK', '74466504838']",obs,,285
2025-07-13,U,334662,261931,596593,8960,1752382800,27.7,20.8,24.8,27.7,20.8,24.8,15.9,59.4,0.0,0.0,0.0,,0.0,0.0,29.5,16.9,274.8,1015.0,67.8,16.0,88.4,7.8,4.0,10.0,05:27:24,1752402444,20:25:04,1752456304,0.6,Partially cloudy,Partly cloudy throughout the day.,partly-cloudy-day,"['72534014819', 'USW00014819', 'KORD', 'KMDW', '72530094846', 'F1983', '74466504838']",obs,,286
2025-07-14,W,544793,384117,928910,8961,1752469200,30.5,19.2,25.4,29.6,19.2,25.2,14.7,54.1,0.0,0.0,0.0,,0.0,0.0,19.4,15.6,242.2,1016.9,4.0,14.3,115.5,9.9,7.0,10.0,05:28:11,1752488891,20:24:29,1752542669,0.64,Clear,Clear conditions throughout the day.,clear-day,"['72534014819', 'USW00014819', 'KORD', 'KMDW', '72530094846', 'F1983', '74466504838']",obs,,287
2025-07-15,W,579537,439047,1018584,8962,1752555600,33.1,22.5,27.9,34.9,22.5,29.1,19.0,59.0,0.0,0.0,0.0,,0.0,0.0,31.7,20.9,160.9,1015.1,46.0,15.9,97.4,8.4,6.0,30.0,05:29:00,1752575340,20:23:51,1752629031,0.67,Partially cloudy,Partly cloudy throughout the day.,partly-cloudy-day,"['72534014819', 'USW00014819', 'KORD', 'KMDW', '72530094846', 'F1983', '74466504838']",obs,,288
2025-07-16,W,562232,432866,995098,8963,1752642000,33.0,23.3,27.1,36.1,23.3,28.3,21.8,73.9,5.984,100.0,12.5,['rain'],0.0,0.0,76.3,26.7,218.6,1009.4,81.9,15.3,85.0,7.2,5.0,60.0,05:29:49,1752661789,20:23:12,1752715392,0.71,"Rain, Partially cloudy",Partly cloudy throughout the day with rain.,rain,"['72534014819', 'USW00014819', 'KORD', 'KMDW', '72530094846', 'F1983', '74466504838', 'KPWK']",obs,,289
2025-07-17,W,573201,460177,1033378,8964,1752728400,24.4,18.4,21.1,24.4,18.4,21.1,16.1,73.6,0.0,0.0,0.0,,0.0,0.0,40.0,22.9,9.8,1015.6,95.0,15.8,31.8,2.7,3.0,10.0,05:30:40,1752748240,20:22:30,1752801750,0.75,Overcast,Cloudy skies throughout the day.,cloudy,"['72534014819', 'USW00014819', 'KORD', 'KMDW', '72530094846', 'F1983', '74466504838', 'KPWK']",obs,,290
2025-07-18,W,559448,460345,1019793,8965,1752814800,26.9,15.9,22.0,27.5,15.9,22.0,15.1,65.8,0.0,0.0,0.0,,0.0,0.0,23.0,16.1,66.0,1018.6,54.3,16.0,72.3,6.1,5.0,10.0,05:31:31,1752834691,20:21:47,1752888107,0.78,Partially cloudy,Partly cloudy throughout the day.,partly-cloudy-day,"['72534014819', 'USW00014819', 'KORD', 'KMDW', '72530094846', 'F1983', '74466504838']",obs,,291
2025-07-19,A,394966,354215,749181,8966,1752901200,29.1,23.6,25.8,30.9,23.6,26.4,20.2,71.5,4.373,100.0,12.5,['rain'],0.0,0.0,37.8,18.9,225.9,1013.1,78.1,15.5,25.1,1.9,1.0,30.0,05:32:24,1752921144,20:21:02,1752974462,0.82,"Rain, Partially cloudy",Partly cloudy throughout the day with afternoon rain.,rain,"['72534014819', 'USW00014819', 'KORD', 'KMDW', '72530094846', 'F1983', '74466504838', 'KPWK']",obs,,292
2025-07-20,U,328751,293401,622152,8967,1752987600,24.9,21.3,23.0,24.9,21.3,23.0,18.6,77.0,0.862,100.0,12.5,['rain'],0.0,0.0,32.4,21.4,29.0,1014.2,75.8,15.8,33.7,3.0,1.0,10.0,05:33:17,1753007597,20:20:15,1753060815,0.85,"Rain, Partially cloudy",Partly cloudy throughout the day with morning rain.,rain,"['72534014819', 'USW00014819', 'KORD', 'KMDW', '72530094846', 'F1983', '74466504838']",obs,,293
2025-07-21,W,518203,421916,940119,8968,1753074000,27.9,19.9,23.9,27.9,19.9,24.0,16.4,64.4,0.0,0.0,0.0,,0.0,0.0,32.8,21.2,74.1,1016.5,53.2,15.1,119.7,10.3,8.0,10.0,05:34:10,1753094050,20:19:26,1753147166,0.89,Partially cloudy,Partly cloudy throughout the day.,partly-cloudy-day,"['72534014819', 'USW00014819', 'KORD', 'KMDW', '72530094846', 'F1983', '74466504838']",obs,,294
2025-07-22,W,581470,479560,1061030,8969,1753160400,30.7,22.3,26.3,31.1,22.3,26.5,17.0,58.1,0.0,0.0,0.0,,0.0,0.0,36.5,19.0,141.8,1017.2,43.0,15.3,113.2,9.7,7.0,10.0,05:35:05,1753180505,20:18:35,1753233515,0.93,Partially cloudy,Clearing in the afternoon.,partly-cloudy-day,"['72534014819', 'USW00014819', 'KORD', 'KMDW', '72530094846', 'F1983', '74466504838']",obs,,295
2025-07-23,W,569940,467479,1037419,8970,1753246800,33.9,23.1,28.9,40.6,23.1,32.4,20.5,60.6,0.0,0.0,0.0,,0.0,0.0,43.4,26.6,190.8,1015.7,48.8,16.0,106.9,9.1,7.0,75.0,05:36:00,1753266960,20:17:42,1753319862,0.96,Partially cloudy,Partly cloudy throughout the day.,partly-cloudy-day,"['72534014819', 'USW00014819', 'KORD', 'KMDW', '72530094846', 'F1983', '74466504838']",obs,,296
2025-07-24,W,527958,425053,953011,8971,1753333200,34.5,24.3,28.3,39.4,24.3,30.9,22.8,73.2,6.238,100.0,8.33,['rain'],0.0,0.0,60.4,31.7,224.9,1014.3,59.8,15.8,67.3,5.6,7.0,75.0,05:36:56,1753353416,20:16:47,1753406207,0.0,"Rain, Partially cloudy",Partly cloudy throughout the day with afternoon rain.,rain,"['72534014819', 'USW00014819', 'KORD', 'KMDW', '72530094846', 'F1983', '74466504838']",obs,,297
2025-07-25,W,509522,409303,918825,8972,1753419600,28.1,23.8,25.6,30.4,23.8,26.0,22.0,80.6,62.898,100.0,16.67,['rain'],0.0,0.0,26.3,13.6,93.3,1015.5,90.6,14.6,59.9,5.0,6.0,30.0,05:37:53,1753439873,20:15:51,1753492551,0.03,"Rain, Overcast",Cloudy skies throughout the day with afternoon rain.,rain,"['72534014819', 'USW00014819', 'KORD', 'KMDW', '72530094846', 'F1983', '74466504838']",obs,,298
2025-07-26,A,397737,363680,761417,8973,1753506000,28.8,23.2,25.7,31.1,23.2,26.3,21.5,78.4,2.742,100.0,16.67,['rain'],0.0,0.0,36.7,16.1,210.1,1014.4,88.4,14.5,31.8,2.8,1.0,30.0,05:38:50,1753526330,20:14:53,1753578893,0.06,"Rain, Partially cloudy",Partly cloudy throughout the day with rain.,rain,"['72534014819', 'USW00014819', 'KORD', 'KMDW', '72530094846', 'F1983', '74466504838']",obs,,299
2025-07-27,U,326681,279111,605792,8974,1753592400,31.5,24.0,27.5,36.5,24.0,30.0,22.8,76.1,0.089,100.0,4.17,['rain'],0.0,0.0,31.7,20.8,125.8,1015.5,80.2,16.0,96.3,8.4,6.0,30.0,05:39:47,1753612787,20:13:53,1753665233,0.09,"Rain, Partially cloudy",Partly cloudy throughout the day with afternoon rain.,rain,"['72534014819', 'USW00014819', 'KORD', 'KMDW', '72530094846', 'F1983', '74466504838', 'KPWK']",obs,,300
2025-07-28,W,506057,379574,885631,8975,1753678800,33.5,26.0,28.8,38.3,26.0,31.2,22.5,70.2,0.159,100.0,12.5,['rain'],0.0,0.0,61.1,38.8,58.6,1016.4,64.4,15.9,30.8,2.8,1.0,75.0,05:40:45,1753699245,20:12:52,1753751572,0.13,"Rain, Partially cloudy",Partly cloudy throughout the day with rain in the morning and afternoon.,rain,"['72534014819', 'USW00014819', 'KORD', 'KMDW', '72530094846', 'F1983', '74466504838', 'KPWK']",obs,,301
2025-07-29,W,557055,446674,1003729,8976,1753765200,33.6,22.6,28.9,36.7,22.6,30.4,19.3,57.2,0.0,0.0,0.0,,0.0,0.0,31.7,19.7,228.3,1018.0,60.9,16.0,85.8,7.4,7.0,60.0,05:41:44,1753785704,20:11:49,1753837909,0.16,Partially cloudy,Partly cloudy throughout the day.,partly-cloudy-day,"['72534014819', 'USW00014819', 'KORD', 'KMDW', '72530094846', 'F1983', '74466504838']",obs,,302
2025-07-30,W,537534,466281,1003815,8977,1753851600,27.8,21.4,25.3,30.1,21.4,25.9,20.6,75.7,3.617,100.0,29.17,['rain'],0.0,0.0,46.4,30.7,50.1,1017.2,91.1,14.4,24.7,2.2,1.0,30.0,05:42:43,1753872163,20:10:44,1753924244,0.19,"Rain, Overcast",Cloudy skies throughout the day with rain.,rain,"['72534014819', 'USW00014819', 'KORD', 'KMDW', '72530094846', 'F1983', '74466504838', 'KPWK']",obs,,303
2025-07-31,W,567414,542673,1110087,8978,1753938000,25.3,20.5,22.3,25.3,20.5,22.3,14.8,63.7,0.282,100.0,8.33,['rain'],0.0,0.0,50.4,32.6,35.1,1021.0,52.7,8.0,83.5,7.1,5.0,10.0,05:43:42,1753958622,20:09:38,1754010578,0.22,"Rain, Partially cloudy",Clearing in the afternoon with early morning rain.,rain,"['72534014819', 'USW00014819', 'KORD', 'KMDW', '72530094846', 'F1983', '74466504838']",obs,,304
2025-08-01,W,579918,531060,1110978,8979,1754024400,24.2,18.8,21.7,24.2,18.8,21.7,11.8,54.9,0.0,0.0,0.0,,0.0,0.0,39.2,25.7,44.6,1026.4,34.8,12.5,82.2,7.2,5.0,10.0,05:44:42,1754045082,20:08:30,1754096910,0.25,Partially cloudy,Partly cloudy throughout the day.,partly-cloudy-day,"['72534014819', 'USW00014819', 'KORD', 'KMDW', '72530094846', 'F1983', '74466504838']",obs,,305
2025-08-02,A,440679,454540,895219,8980,1754110800,26.0,16.4,21.7,26.0,16.4,21.7,10.2,50.3,0.0,0.0,0.0,,0.0,0.0,31.7,18.4,44.9,1026.2,58.2,15.4,89.1,7.7,6.0,10.0,05:45:42,1754131542,20:07:21,1754183241,0.29,Partially cloudy,Partly cloudy throughout the day.,partly-cloudy-day,"['72534014819', 'USW00014819', 'KORD', 'KMDW', '72530094846', 'F1983', '74466504838']",obs,,306
2025-08-03,U,347538,369850,717388,8981,1754197200,26.2,17.9,22.5,26.2,17.9,22.5,12.8,55.8,0.0,0.0,0.0,,0.0,0.0,35.3,22.3,77.4,1021.3,12.9,15.2,77.6,6.7,5.0,10.0,05:46:42,1754218002,20:06:10,1754269570,0.32,Clear,Clear conditions throughout the day.,clear-day,"['72534014819', 'USW00014819', 'KORD', 'KMDW', '72530094846', 'F1983', '74466504838']",obs,,307
2025-08-04,W,549549,435744,985293,8982,1754283600,27.5,20.0,24.1,27.8,20.0,24.1,14.9,57.8,0.0,0.0,0.0,,0.0,0.0,33.5,19.9,83.9,1019.8,84.0,15.3,72.4,6.2,7.0,10.0,05:47:43,1754304463,20:04:58,1754355898,0.35,Partially cloudy,Partly cloudy throughout the day.,partly-cloudy-day,"['72534014819', 'USW00014819', 'KORD', 'KMDW', '72530094846', 'F1983', '74466504838']",obs,,308
2025-08-05,W,585862,472919,1058781,8983,1754370000,28.3,20.1,24.6,27.9,20.1,24.6,16.1,61.4,0.0,0.0,0.0,,0.0,0.0,41.2,20.9,64.8,1022.4,18.6,14.2,78.7,7.0,5.0,10.0,05:48:43,1754390923,20:03:44,1754442224,0.38,Clear,Clear conditions throughout the day.,clear-day,"['72534014819', 'USW00014819', 'KORD', 'KMDW', '72530094846', 'F1983', '74466504838']",obs,,309
2025-08-06,W,585476,470977,1056453,8984,1754456400,30.9,20.7,25.8,30.8,20.7,26.0,17.6,62.6,0.0,0.0,0.0,,0.0,0.0,29.5,17.6,113.0,1022.6,43.5,13.1,77.5,6.6,6.0,30.0,05:49:44,1754477384,20:02:29,1754528549,0.42,Partially cloudy,Partly cloudy throughout the day.,partly-cloudy-day,"['72534014819', 'USW00014819', 'KORD', 'KMDW', '72530094846', 'F1983', '74466504838']",obs,,310
2025-08-07,W,580914,454251,1035165,8985,1754542800,32.2,23.9,28.4,34.8,23.9,29.8,19.9,60.5,0.0,0.0,0.0,,0.0,0.0,35.3,19.3,190.3,1019.2,75.9,16.0,69.3,5.9,4.0,60.0,05:50:46,1754563846,20:01:13,1754614873,0.45,Partially cloudy,Partly cloudy throughout the day.,partly-cloudy-day,"['72534014819', 'USW00014819', 'KORD', 'KMDW', '72530094846', 'F1983', '74466504838']",obs,,311
2025-08-08,W,548414,417744,966158,8986,1754629200,33.4,24.1,29.1,35.9,24.1,30.7,20.8,62.4,0.0,0.0,0.0,,0.0,0.0,45.8,28.4,186.5,1015.9,45.1,15.8,75.5,6.8,5.0,60.0,05:51:47,1754650307,19:59:55,1754701195,0.48,Partially cloudy,Becoming cloudy in the afternoon.,partly-cloudy-day,"['72534014819', 'USW00014819', 'KORD', 'KMDW', '72530094846', 'F1983', '74466504838']",obs,,312
2025-08-09,A,425825,341354,767179,8987,1754715600,34.0,25.4,29.6,37.1,25.4,31.5,20.4,58.2,0.0,0.0,0.0,,0.0,0.0,52.1,33.6,193.8,1015.2,29.3,16.0,76.9,6.5,7.0,60.0,05:52:49,1754736769,19:58:36,1754787516,0.5,Partially cloudy,Partly cloudy throughout the day.,partly-cloudy-day,"['72534014819', 'USW00014819', 'KORD', 'KMDW', '72530094846', 'F1983', '74466504838']",obs,,313
2025-08-10,U,338295,274110,612405,8988,1754802000,32.1,25.9,28.9,34.8,25.9,30.8,21.0,62.8,0.295,100.0,8.33,['rain'],0.0,0.0,51.1,28.1,199.1,1015.8,77.8,16.0,63.5,5.5,4.0,30.0,05:53:50,1754823230,19:57:15,1754873835,0.55,"Rain, Partially cloudy",Partly cloudy throughout the day with rain.,rain,"['72534014819', 'USW00014819', 'KORD', 'KMDW', '72530094846', 'F1983', '74466504838', 'KPWK']",obs,,314
2025-08-11,W,532546,388290,920836,8989,1754888400,31.7,23.6,27.7,33.6,23.6,28.8,20.4,65.7,4.784,100.0,8.33,['rain'],0.0,0.0,59.0,24.4,232.2,1015.2,80.7,15.8,68.5,6.0,7.0,30.0,05:54:52,1754909692,19:55:54,1754960154,0.59,"Rain, Partially cloudy",Partly cloudy throughout the day with late afternoon rain.,rain,"['72534014819', 'USW00014819', 'KORD', 'KMDW', '72530094846', 'F1983', '74466504838', 'KPWK']",obs,,315
2025-08-12,W,526488,417628,944116,8990,1754974800,30.1,23.1,25.0,33.1,23.1,25.5,21.4,80.8,4.906,100.0,20.83,['rain'],0.0,0.0,43.9,19.7,203.4,1013.1,79.3,15.2,31.0,2.7,2.0,60.0,05:55:54,1754996154,19:54:31,1755046471,0.62,"Rain, Partially cloudy",Partly cloudy throughout the day with rain.,rain,"['72534014819', 'USW00014819', 'KORD', 'KMDW', '72530094846', 'F1983', '74466504838', 'KIGQ']",obs,,316
2025-08-13,W,592948,445008,1037956,8991,1755061200,28.8,21.6,25.1,28.9,21.6,25.1,17.9,66.9,0.0,0.0,0.0,,0.0,0.0,26.3,17.3,30.2,1013.1,37.9,15.8,82.6,7.1,7.0,30.0,05:56:56,1755082616,19:53:07,1755132787,0.66,Partially cloudy,Becoming cloudy in the afternoon.,partly-cloudy-day,"['72534014819', 'USW00014819', 'KORD', 'KMDW', '72530094846', 'F1983', '74466504838']",obs,,317
2025-08-14,W,584878,442877,1027755,8992,1755147600,28.2,19.8,24.7,28.1,19.8,24.7,15.9,60.7,0.0,0.0,0.0,,0.0,0.0,33.5,16.0,60.6,1016.1,13.9,15.9,79.3,6.8,7.0,10.0,05:57:58,1755169078,19:51:42,1755219102,0.69,Clear,Clear conditions throughout the day.,clear-day,"['72534014819', 'USW00014819', 'KORD', 'KMDW', '72530094846', 'F1983', '74466504838']",obs,,318
2025-08-15,W,559089,451082,1010171,8993,1755234000,32.7,21.9,27.6,34.5,21.9,28.6,18.3,57.9,0.0,0.0,0.0,,0.0,0.0,34.4,19.1,192.7,1017.5,67.6,15.9,56.3,4.7,3.0,60.0,05:59:00,1755255540,19:50:16,1755305416,0.73,Partially cloudy,Partly cloudy throughout the day.,partly-cloudy-day,"['72534014819', 'USW00014819', 'KORD', 'KMDW', '72530094846', 'F1983', '74466504838']",obs,,319
2025-08-16,A,413454,376304,789758,8994,1755320400,34.2,24.6,28.3,38.6,24.6,29.9,21.2,66.7,1.234,100.0,16.67,['rain'],0.0,0.0,69.1,27.3,245.5,1016.1,74.5,15.6,71.2,6.2,5.0,60.0,06:00:03,1755342003,19:48:49,1755391729,0.75,"Rain, Partially cloudy",Partly cloudy throughout the day with rain.,rain,"['72534014819', 'USW00014819', 'KORD', 'KMDW', '72530094846', 'F1983', '74466504838']",obs,,320
2025-08-17,U,344058,310718,654776,8995,1755406800,27.9,21.6,24.6,30.6,21.6,25.0,20.6,79.0,30.39,100.0,16.67,['rain'],0.0,0.0,64.1,52.4,45.3,1017.1,86.3,14.6,38.3,3.1,1.0,15.0,06:01:05,1755428465,19:47:20,1755478040,0.8,"Rain, Partially cloudy",Partly cloudy throughout the day with early morning rain.,rain,"['72534014819', 'USW00014819', 'KORD', 'KMDW', '72530094846', 'F1983', '74466504838', 'KPWK']",obs,,321
2025-08-18,W,524954,401101,926055,8996,1755493200,30.0,22.8,25.0,34.7,22.8,25.8,20.9,78.2,10.247,100.0,29.17,['rain'],0.0,0.0,47.4,21.6,151.8,1016.4,87.1,14.9,36.7,3.3,3.0,30.0,06:02:07,1755514927,19:45:51,1755564351,0.84,"Rain, Partially cloudy",Partly cloudy throughout the day with rain.,rain,"['72534014819', 'USW00014819', 'KORD', 'KMDW', '72530094846', 'F1983', '74466504838', 'KPWK']",obs,,322
2025-08-19,W,610398,471272,1081670,8997,1755579600,25.5,22.7,24.1,25.5,22.7,24.1,20.5,80.9,1.382,100.0,20.83,['rain'],0.0,0.0,31.7,20.7,353.1,1014.9,98.5,15.3,18.5,1.5,1.0,10.0,06:03:09,1755601389,19:44:21,1755650661,0.87,"Rain, Overcast",Cloudy skies throughout the day with early morning rain.,rain,"['72534014819', 'USW00014819', 'KORD', 'KMDW', '72530094846', 'F1983', '74466504838']",obs,,323
2025-08-20,W,630143,472073,1102216,8998,1755666000,24.8,20.7,22.6,24.8,20.7,22.6,17.2,72.4,0.0,0.0,0.0,,0.0,0.0,42.8,30.2,23.4,1017.6,63.6,16.0,39.3,3.5,2.0,10.0,06:04:11,1755687851,19:42:50,1755736970,0.91,Partially cloudy,Partly cloudy throughout the day.,partly-cloudy-day,"['72534014819', 'USW00014819', 'KORD', 'KMDW', '72530094846', 'F1983', '74466504838']",obs,,324
2025-08-21,W,628924,481244,1110168,8999,1755752400,24.7,18.9,22.3,24.7,18.9,22.3,16.7,71.5,0.0,0.0,0.0,,0.0,0.0,35.3,26.1,32.4,1018.2,49.3,16.0,34.1,2.9,1.0,10.0,06:05:14,1755774314,19:41:18,1755823278,0.94,Partially cloudy,Partly cloudy throughout the day.,partly-cloudy-day,"['72534014819', 'USW00014819', 'KORD', 'KMDW', '72530094846', 'F1983', '74466504838']",obs,,325
2025-08-22,W,596734,415337,1012071,9000,1755838800,27.1,19.1,23.3,27.7,19.1,23.4,16.9,68.3,0.0,0.0,0.0,,0.0,0.0,17.3,14.8,227.7,1017.1,73.8,16.0,46.5,4.2,4.0,10.0,06:06:16,1755860776,19:39:45,1755909585,0.98,Partially cloudy,Partly cloudy throughout the day.,partly-cloudy-day,"['72534014819', 'USW00014819', 'KORD', 'KMDW', '72530094846', 'F1983', '74466504838']",obs,,326
2025-08-23,A,427579,332193,759772,9001,1755925200,28.8,20.6,23.9,28.9,20.6,23.9,15.2,60.0,0.0,0.0,0.0,,0.0,0.0,49.4,28.2,278.1,1012.8,66.5,16.0,54.3,4.6,4.0,30.0,06:07:18,1755947238,19:38:11,1755995891,0.0,Partially cloudy,Partly cloudy throughout the day.,partly-cloudy-day,"['72534014819', 'USW00014819', 'KORD', 'KMDW', '72530094846', 'F1983', '74466504838']",obs,,327
2025-08-24,U,335939,264740,600679,9002,1756011600,23.5,15.5,19.6,23.5,15.5,19.6,10.3,56.2,0.0,0.0,0.0,,0.0,0.0,44.9,26.3,295.0,1014.2,61.6,16.0,62.5,5.5,6.0,10.0,06:08:20,1756033700,19:36:37,1756082197,0.05,Partially cloudy,Partly cloudy throughout the day.,partly-cloudy-day,"['72534014819', 'USW00014819', 'KORD', 'KMDW', '72530094846', 'F1983', '74466504838']",obs,,328
2025-08-25,W,609351,406937,1016288,9003,1756098000,21.0,13.6,17.6,21.0,13.6,17.6,8.4,56.2,0.0,0.0,0.0,,0.0,0.0,36.0,20.1,308.3,1017.9,48.4,16.0,63.0,5.4,4.0,10.0,06:09:22,1756120162,19:35:01,1756168501,0.08,Partially cloudy,Partly cloudy throughout the day.,partly-cloudy-day,"['72534014819', 'USW00014819', 'KORD', 'KMDW', '72530094846', 'F1983', '74466504838', 'KPWK']",obs,,329
2025-08-26,W,645971,465834,1111805,9004,1756184400,23.3,12.7,18.4,23.3,12.7,18.4,7.9,52.6,0.0,0.0,0.0,,0.0,0.0,37.1,23.6,309.4,1022.0,39.7,16.0,38.2,3.1,2.0,10.0,06:10:24,1756206624,19:33:25,1756254805,0.11,Partially cloudy,Partly cloudy throughout the day.,partly-cloudy-day,"['72534014819', 'USW00014819', 'KORD', 'KMDW', 'F1983', '74466504838', 'KPWK']",obs,,330
2025-08-27,W,653421,473422,1126843,9005,1756270800,24.0,13.4,19.5,24.0,13.4,19.5,10.3,57.0,0.0,0.0,0.0,,0.0,0.0,33.5,19.5,257.3,1022.1,23.7,16.0,57.5,5.0,4.0,10.0,06:11:26,1756293086,19:31:48,1756341108,0.14,Partially cloudy,Partly cloudy throughout the day.,partly-cloudy-day,"['USW00094846', '72534014819', 'USW00014819', 'KORD', 'KMDW', 'F1983', '74466504838', 'KPWK', 'KIGQ']",obs,,331
2025-08-28,W,642222,520735,1162957,9006,1756357200,24.5,16.9,20.1,24.5,16.9,20.1,14.7,71.5,9.14,100.0,25.0,['rain'],0.0,0.0,38.2,22.1,5.0,1018.9,38.9,15.4,51.7,4.5,5.0,10.0,06:12:28,1756379548,19:30:11,1756427411,0.18,"Rain, Partially cloudy",Partly cloudy throughout the day with rain clearing later.,rain,"['USW00094846', 'USW00014819', 'KORD', 'KMDW', 'F1983', 'KPWK', 'KIGQ']",obs,,332
2025-08-29,W,630115,476265,1106380,9007,1756443600,20.9,13.9,18.2,20.9,13.9,18.2,10.9,62.5,0.0,0.0,0.0,,0.0,0.0,33.5,17.4,65.5,1021.0,38.7,16.0,49.1,4.4,3.0,10.0,06:13:30,1756466010,19:28:33,1756513713,0.21,Partially cloudy,Partly cloudy throughout the day.,partly-cloudy-day,"['USW00094846', 'USW00014819', 'KORD', 'KLOT', 'KMDW', 'F1983', 'KPWK', 'KIGQ']",obs,,333
2025-08-30,A,432214,391010,823224,9008,1756530000,22.9,17.6,19.6,22.9,17.6,19.6,11.5,60.0,0.0,0.0,0.0,,0.0,0.0,23.8,16.7,61.8,1021.0,84.1,16.0,32.5,2.8,1.0,10.0,06:14:32,1756552472,19:26:54,1756600014,0.24,Partially cloudy,Partly cloudy throughout the day.,partly-cloudy-day,"['KORD', 'KLOT', 'KMDW', 'F1983', 'KPWK', 'KIGQ']",obs,,334
2025-08-31,U,360093,343458,703551,9009,1756616400,23.9,13.6,19.3,23.9,13.6,19.3,11.8,63.2,0.0,0.0,0.0,,0.0,0.0,29.5,15.7,57.9,1023.9,31.1,16.0,40.5,3.5,3.0,10.0,06:15:34,1756638934,19:25:14,1756686314,0.25,Partially cloudy,Partly cloudy throughout the day.,partly-cloudy-day,"['KORD', 'KLOT', 'KMDW', 'F1983', 'KPWK', 'KIGQ']",obs,,335
2025-09-01,U,344866,293766,638632,9010,1756702800,24.4,15.5,20.4,24.4,15.5,20.4,11.7,59.8,0.0,0.0,0.0,,0.0,0.0,33.5,15.6,63.9,1022.9,17.4,16.0,46.5,4.0,4.0,10.0,06:16:36,1756725396,19:23:35,1756772615,0.3,Clear,Clear conditions throughout the day.,clear-day,"['KORD', 'KLOT', 'KMDW', 'F1983', 'KPWK', 'KIGQ']",obs,,336
2025-09-02,W,650054,470795,1120849,9011,1756789200,25.7,15.4,21.1,25.7,15.4,21.1,14.1,66.0,0.0,0.0,0.0,,0.0,0.0,14.8,14.3,38.9,1017.4,18.2,15.9,40.8,3.5,2.0,30.0,06:17:38,1756811858,19:21:54,1756858914,0.34,Clear,Clear conditions throughout the day.,clear-day,"['USW00094846', 'USW00014819', 'KORD', 'KLOT', 'KMDW', 'F1983', 'KPWK', 'KIGQ', 'USW00004838']",obs,,337
2025-09-03,W,658938,472114,1131052,9012,1756875600,21.8,15.8,19.2,21.8,15.8,19.2,13.2,68.7,1.212,100.0,16.67,['rain'],0.0,0.0,45.7,31.2,261.4,1008.9,47.9,16.0,18.2,1.6,1.0,10.0,06:18:40,1756898320,19:20:13,1756945213,0.37,"Rain, Partially cloudy",Partly cloudy throughout the day with rain.,rain,"['USW00094846', 'USW00014819', 'KORD', 'KMDW', 'F1983', 'KPWK', 'KIGQ']",obs,,338
2025-09-04,W,665448,474384,1139832,9013,1756962000,18.8,9.7,15.1,18.8,8.0,15.0,5.8,55.8,0.0,0.0,0.0,,0.0,0.0,37.7,20.7,276.3,1008.6,20.5,15.7,34.7,3.0,2.0,10.0,06:19:41,1756984781,19:18:32,1757031512,0.4,Partially cloudy,Partly cloudy throughout the day.,partly-cloudy-day,"['USW00094846', 'USW00014819', 'KORD', 'KMDW', 'F1983', 'KPWK', 'KIGQ']",obs,,339
2025-09-05,W,629854,458538,1088392,9014,1757048400,19.6,14.0,16.9,19.6,14.0,16.9,6.8,52.0,0.0,0.0,0.0,,0.0,0.0,46.8,33.0,264.3,1008.6,38.5,16.0,35.2,3.0,2.0,10.0,06:20:43,1757071243,19:16:50,1757117810,0.43,Partially cloudy,Partly cloudy throughout the day.,partly-cloudy-day,"['USW00094846', 'USW00014819', 'KORD', 'KMDW', 'F1983', 'KPWK', 'KIGQ']",obs,,340
2025-09-06,A,419986,375070,795056,9015,1757134800,19.1,9.5,14.7,19.1,7.8,14.6,4.5,52.4,0.0,0.0,0.0,,0.0,0.0,42.3,24.4,277.5,1016.9,27.1,16.0,32.3,2.8,2.0,10.0,06:21:45,1757157705,19:15:08,1757204108,0.47,Partially cloudy,Partly cloudy throughout the day.,partly-cloudy-day,"['USW00094846', 'USW00014819', 'KORD', 'KMDW', 'F1983', 'KPWK', 'KIGQ']",obs,,341
2025-09-07,U,333061,293278,626339,9016,1757221200,20.3,8.9,14.9,20.3,8.3,14.9,5.7,56.0,0.0,0.0,0.0,,0.0,0.0,32.3,15.5,320.3,1022.5,14.4,16.0,28.9,2.7,2.0,10.0,06:22:47,1757244167,19:13:25,1757290405,0.5,Clear,Clear conditions throughout the day.,clear-day,"['USW00094846', 'USW00014819', 'KORD', 'KMDW', 'F1983', 'KPWK', 'KIGQ']",obs,,342
2025-09-08,W,617419,429504,1046923,9017,1757307600,22.0,10.7,16.7,22.0,10.7,16.7,5.9,51.2,0.0,0.0,0.0,,0.0,0.0,31.7,14.9,182.7,1024.8,10.5,15.9,32.0,2.8,2.0,10.0,06:23:49,1757330629,19:11:42,1757376702,0.53,Clear,Clear conditions throughout the day.,clear-day,"['USW00094846', 'USW00014819', 'KORD', 'KLOT', 'KMDW', 'F1983', 'KPWK', 'KIGQ']",obs,,343
2025-09-09,W,651576,473953,1125529,9018,1757394000,24.5,12.0,18.7,24.5,12.0,18.7,6.4,46.4,0.0,0.0,0.0,,0.0,0.0,29.2,15.4,182.9,1020.7,40.5,16.0,35.2,3.0,1.0,10.0,06:24:50,1757417090,19:09:59,1757462999,0.57,Partially cloudy,Partly cloudy throughout the day.,partly-cloudy-day,"['USW00094846', 'USW00014819', 'KORD', 'KLOT', 'KMDW', 'F1983', 'KPWK', 'KIGQ']",obs,,344
2025-09-10,W,657858,484323,1142181,9019,1757480400,27.7,17.4,22.3,26.9,17.4,22.2,10.4,48.4,0.0,0.0,0.0,,0.0,0.0,23.4,19.2,133.5,1019.6,37.6,16.0,37.4,3.0,1.0,10.0,06:25:52,1757503552,19:08:15,1757549295,0.6,Partially cloudy,Partly cloudy throughout the day.,partly-cloudy-day,"['USW00094846', 'USW00014819', 'KORD', 'KMDW', 'F1983', 'KPWK', 'KIGQ']",obs,,345
2025-09-11,W,648548,489005,1137553,9020,1757566800,25.7,18.9,21.9,25.7,18.9,21.9,14.5,64.5,0.0,0.0,0.0,,0.0,0.0,30.6,18.1,49.5,1021.9,20.5,16.0,27.8,2.3,2.0,10.0,06:26:54,1757590014,19:06:31,1757635591,0.64,Partially cloudy,Partly cloudy throughout the day.,partly-cloudy-day,"['USW00094846', 'USW00014819', 'KORD', 'KMDW', 'F1983', 'KPWK', 'KIGQ']",obs,,346
2025-09-12,W,620797,451758,1072555,9021,1757653200,28.9,16.5,22.9,28.0,16.5,22.7,13.4,59.1,0.0,0.0,0.0,,0.0,0.0,27.7,16.3,142.6,1021.1,28.1,15.6,27.1,2.3,1.0,10.0,06:27:56,1757676476,19:04:47,1757721887,0.68,Partially cloudy,Partly cloudy throughout the day.,partly-cloudy-day,"['USW00094846', 'USW00014819', 'KORD', 'KMDW', 'F1983', 'KPWK', 'KIGQ']",obs,,347
2025-09-13,A,387975,325790,713765,9022,1757739600,25.5,18.3,22.2,25.5,18.3,22.2,15.3,66.0,4.86,100.0,16.67,['rain'],0.0,0.0,52.4,24.0,149.6,1016.2,41.3,15.3,26.8,2.4,3.0,10.0,06:28:58,1757762938,19:03:03,1757808183,0.71,"Rain, Partially cloudy",Partly cloudy throughout the day with morning rain.,rain,"['USW00094846', 'USW00014819', 'KORD', 'KMDW', 'F1983', 'KPWK', 'KIGQ']",obs,,348
2025-09-14,U,331118,270547,601665,9023,1757826000,28.0,19.3,23.3,28.5,19.3,23.5,17.0,69.3,0.0,0.0,0.0,,0.0,0.0,29.5,18.6,74.5,1016.5,1.3,15.2,31.2,2.9,3.0,10.0,06:29:59,1757849399,19:01:18,1757894478,0.75,Clear,Clear conditions throughout the day.,clear-day,"['USW00094846', 'USW00014819', 'KORD', 'KMDW', 'F1983', 'KPWK', 'KIGQ']",obs,,349
2025-09-15,W,616320,435277,1051597,9024,1757912400,28.2,18.8,23.5,28.1,18.8,23.5,14.5,58.0,0.0,0.0,0.0,,0.0,0.0,28.4,19.8,84.1,1020.7,4.8,16.0,36.8,3.3,4.0,10.0,06:31:01,1757935861,18:59:34,1757980774,0.78,Clear,Clear conditions throughout the day.,clear-day,"['USW00094846', 'USW00014819', 'KORD', 'KMDW', 'F1983', 'KPWK', 'KIGQ']",obs,,350
2025-09-16,W,651990,484965,1136955,9025,1757998800,27.8,18.5,22.9,27.4,18.5,22.9,13.2,56.3,0.0,0.0,0.0,,0.0,0.0,26.3,16.4,90.1,1021.6,16.9,15.7,31.2,2.8,2.0,10.0,06:32:03,1758022323,18:57:49,1758067069,0.82,Clear,Clear conditions throughout the day.,clear-day,"['USW00094846', 'USW00014819', 'KORD', 'KMDW', 'F1983', 'KPWK', 'KIGQ']",obs,,351
2025-09-17,W,662489,489466,1151955,9026,1758085200,28.1,16.6,22.7,28.1,16.6,22.7,14.8,63.4,0.0,0.0,0.0,,0.0,0.0,22.7,14.7,79.7,1018.2,11.7,15.9,29.3,2.8,2.0,10.0,06:33:06,1758108786,18:56:04,1758153364,0.85,Clear,Clear conditions throughout the day.,clear-day,"['USW00094846', 'USW00014819', 'KORD', 'KMDW', 'F1983', 'KPWK', 'KIGQ']",obs,,352
2025-09-18,W,658272,500862,1159134,9027,1758171600,30.2,16.8,23.4,29.3,16.8,23.2,14.5,61.0,0.0,0.0,0.0,,0.0,0.0,25.2,17.7,98.4,1016.8,10.8,15.9,26.8,2.3,2.0,10.0,06:34:08,1758195248,18:54:19,1758239659,0.89,Clear,Clear conditions throughout the day.,clear-day,"['USW00094846', 'USW00014819', 'KORD', 'KMDW', 'F1983', 'KPWK', 'KIGQ']",obs,,353
2025-09-19,W,622912,473083,1095995,9028,1758258000,31.5,20.4,25.5,30.6,20.4,25.3,15.0,54.8,0.0,0.0,0.0,,0.0,0.0,31.7,20.0,119.0,1015.8,36.2,16.0,36.9,3.2,3.0,10.0,06:35:10,1758281710,18:52:34,1758325954,0.92,Partially cloudy,Partly cloudy throughout the day.,partly-cloudy-day,"['USW00094846', 'USW00014819', 'KORD', 'KMDW', 'F1983', 'KPWK', 'KIGQ']",obs,,354
2025-09-20,A,414969,354575,769544,9029,1758344400,25.8,20.5,22.7,25.8,20.5,22.7,17.3,72.1,2.656,100.0,29.17,['rain'],0.0,0.0,31.3,17.5,217.2,1016.6,48.8,15.9,18.3,1.6,2.0,30.0,06:36:12,1758368172,18:50:49,1758412249,0.96,"Rain, Partially cloudy",Partly cloudy throughout the day with a chance of rain throughout the day.,rain,"['USW00094846', 'USW00014819', 'KORD', 'KMDW', 'F1983', 'KPWK', 'KIGQ']",obs,,355
2025-09-21,U,331250,284243,615493,9030,1758430800,28.0,19.7,23.0,28.9,19.7,23.1,17.4,71.9,1.789,100.0,25.0,['rain'],0.0,0.0,42.5,18.9,211.7,1012.8,47.4,15.6,27.7,2.5,3.0,30.0,06:37:15,1758454635,18:49:04,1758498544,0.0,"Rain, Partially cloudy",Partly cloudy throughout the day with rain.,rain,"['USW00094846', 'USW00014819', 'KORD', 'KMDW', 'F1983', 'KPWK', 'KIGQ']",obs,,356
2025-09-22,W,613704,432361,1046065,9031,1758517200,28.0,19.9,23.6,28.4,19.9,23.7,16.6,66.1,0.0,0.0,0.0,,0.0,0.0,31.7,19.9,219.8,1010.7,34.3,16.0,31.7,2.7,3.0,30.0,06:38:18,1758541098,18:47:19,1758584839,0.03,Partially cloudy,Partly cloudy throughout the day.,partly-cloudy-day,"['USW00094846', 'USW00014819', 'KORD', 'KMDW', 'F1983', 'KPWK', 'KIGQ']",obs,,357
2025-09-23,W,634442,487614,1122056,9032,1758603600,25.3,19.7,21.5,25.3,19.7,21.5,17.1,76.4,2.68,100.0,8.33,['rain'],0.0,0.0,37.1,25.1,15.2,1012.6,45.6,15.4,27.0,2.2,3.0,10.0,06:39:20,1758627560,18:45:35,1758671135,0.06,"Rain, Partially cloudy",Partly cloudy throughout the day with morning rain.,rain,"['USW00094846', 'USW00014819', 'KORD', 'KMDW', 'F1983', 'KPWK', 'KIGQ']",obs,,358
2025-09-24,W,660516,501545,1162061,9033,1758690000,22.8,18.0,20.3,22.8,18.0,20.3,14.9,72.1,0.0,0.0,0.0,,0.0,0.0,41.4,26.3,25.4,1015.5,43.2,16.0,25.8,2.3,1.0,10.0,06:40:23,1758714023,18:43:50,1758757430,0.09,Partially cloudy,Partly cloudy throughout the day.,partly-cloudy-day,"['USW00094846', 'USW00014819', 'KORD', 'KMDW', 'F1983', 'KPWK', 'KIGQ', 'USW00004838']",obs,,359
2025-09-25,W,654827,519555,1174382,9034,1758776400,24.0,16.3,19.4,24.0,16.3,19.4,13.5,70.2,0.0,0.0,0.0,,0.0,0.0,32.8,19.1,351.0,1013.2,30.8,16.0,27.5,2.3,4.0,10.0,06:41:26,1758800486,18:42:06,1758843726,0.13,Partially cloudy,Partly cloudy throughout the day.,partly-cloudy-day,"['USW00094846', 'USW00014819', 'KORD', 'KMDW', 'F1983', 'KPWK', 'KIGQ']",obs,,360
2025-09-26,W,580438,452496,1032934,9035,1758862800,28.3,14.7,21.5,27.6,14.7,21.3,12.2,59.3,0.0,0.0,0.0,,0.0,0.0,35.3,18.7,228.4,1012.1,2.5,15.8,30.0,2.5,4.0,10.0,06:42:30,1758886950,18:40:21,1758930021,0.16,Clear,Clear conditions throughout the day.,clear-day,"['USW00094846', 'USW00014819', 'KORD', 'KMDW', 'F1983', 'KPWK', 'KIGQ']",obs,,361
2025-09-27,A,426711,359880,786591,9036,1758949200,30.9,16.8,24.0,29.4,16.8,23.6,11.6,48.7,0.0,0.0,0.0,,0.0,0.0,39.2,21.5,254.3,1012.6,5.8,16.0,31.7,2.8,4.0,10.0,06:43:33,1758973413,18:38:37,1759016317,0.19,Clear,Clear conditions throughout the day.,clear-day,"['USW00094846', 'USW00014819', 'KORD', 'KMDW', 'F1983', 'KPWK', 'KIGQ']",obs,,362
2025-09-28,U,328502,273175,601677,9037,1759035600,26.4,17.4,22.1,26.4,17.4,22.1,12.8,57.4,0.0,0.0,0.0,,0.0,0.0,27.4,16.7,63.8,1019.5,6.3,16.0,31.3,2.6,4.0,10.0,06:44:37,1759059877,18:36:53,1759102613,0.22,Clear,Clear conditions throughout the day.,clear-day,"['USW00094846', 'USW00014819', 'KORD', 'KMDW', 'F1983', 'KPWK', 'KIGQ']",obs,,363
2025-09-29,W,600769,423348,1024117,9038,1759122000,31.5,17.7,23.6,30.2,17.7,23.4,15.1,62.1,0.0,0.0,0.0,,0.0,0.0,25.6,16.7,83.0,1021.9,2.8,15.9,29.7,2.5,4.0,10.0,06:45:41,1759146341,18:35:10,1759188910,0.25,Clear,Clear conditions throughout the day.,clear-day,"['USW00094846', 'USW00014819', 'KORD', 'KMDW', 'F1983', 'KPWK', 'KIGQ']",obs,,364
2025-09-30,W,645289,497543,1142832,9039,1759208400,27.6,18.6,22.7,27.4,18.6,22.6,14.7,63.6,0.0,0.0,0.0,,0.0,0.0,28.8,18.9,50.5,1021.2,16.6,15.6,29.4,2.5,4.0,10.0,06:46:45,1759232805,18:33:26,1759275206,0.29,Clear,Clear conditions throughout the day.,clear-day,"['USW00094846', 'USW00014819', 'KORD', 'KMDW', 'F1983', 'KPWK', 'KIGQ']",obs,,365
2025-10-01,W,673048,503729,1176777,9070,1759294800,24.3,17.7,21.4,24.3,17.7,21.4,13.5,61.4,0.0,0.0,0.0,,0.0,0.0,33.1,19.9,82.3,1021.8,41.4,16.0,25.0,2.0,3.0,10.0,06:47:49,1759319269,18:31:43,1759361503,0.32,Partially cloudy,Partly cloudy throughout the day.,partly-cloudy-day,"['USW00094846', 'USW00014819', 'KORD', 'KMDW', 'F1983', 'KPWK', 'KIGQ']",obs,,366
2025-10-02,W,647059,493521,1140580,9071,1759381200,28.7,15.2,21.5,28.0,15.2,21.4,10.2,49.6,0.0,0.0,0.0,,0.0,0.0,32.4,16.3,130.6,1023.0,33.0,16.0,21.4,1.9,2.0,10.0,06:48:53,1759405733,18:30:01,1759447801,0.35,Partially cloudy,Partly cloudy throughout the day.,partly-cloudy-day,"['USW00094846', 'USW00014819', 'KORD', 'KMDW', 'F1983', 'KPWK', 'KIGQ']",obs,,367
2025-10-03,W,628219,428582,1056801,9072,1759467600,31.5,18.6,24.9,30.5,18.6,24.6,13.2,49.8,0.0,0.0,0.0,,0.0,0.0,23.8,13.4,207.1,1020.9,10.6,16.0,20.8,1.8,2.0,10.0,06:49:58,1759492198,18:28:19,1759534099,0.39,Clear,Clear conditions throughout the day.,clear-day,"['USW00094846', 'USW00014819', 'KORD', 'KMDW', 'F1983', 'KPWK', 'KIGQ']",obs,,368
2025-10-04,A,426695,330780,757475,9073,1759554000,31.0,19.6,25.1,30.1,19.6,24.9,14.1,52.8,0.0,0.0,0.0,,0.0,0.0,38.0,23.3,212.2,1018.3,4.9,16.0,26.9,2.4,4.0,10.0,06:51:03,1759578663,18:26:37,1759620397,0.42,Clear,Clear conditions throughout the day.,clear-day,"['USW00094846', 'USW00014819', 'KORD', 'KMDW', 'F1983', 'KPWK', 'KIGQ']",obs,,369
2025-10-05,U,330030,256462,586492,9074,1759640400,29.2,18.4,24.2,27.8,18.4,23.8,10.5,44.8,0.0,0.0,0.0,,0.0,0.0,49.9,31.5,191.8,1017.5,10.7,16.0,28.9,2.6,4.0,10.0,06:52:08,1759665128,18:24:56,1759706696,0.45,Clear,Clear conditions throughout the day.,clear-day,"['USW00094846', 'USW00014819', 'KORD', 'KMDW', 'F1983', 'KPWK', 'KIGQ']",obs,,370
2025-10-06,W,599924,413206,1013130,9075,1759726800,28.4,19.6,23.2,28.4,19.6,23.2,15.3,62.3,2.109,100.0,25.0,['rain'],0.0,0.0,38.9,20.0,219.7,1017.0,28.5,15.8,27.7,2.3,3.0,10.0,06:53:14,1759751594,18:23:15,1759792995,0.5,"Rain, Partially cloudy",Partly cloudy throughout the day with rain.,rain,"['USW00094846', 'USW00014819', 'KORD', 'KMDW', 'F1983', 'KPWK', 'KIGQ']",obs,,371
2025-10-07,W,620211,459544,1079755,9076,1759813200,19.6,12.3,16.7,19.6,12.3,16.7,12.2,76.8,29.909,100.0,54.17,['rain'],0.0,0.0,48.6,23.6,4.3,1018.5,40.2,12.6,6.5,0.5,0.0,10.0,06:54:20,1759838060,18:21:34,1759879294,0.52,"Rain, Partially cloudy",Partly cloudy throughout the day with a chance of rain throughout the day.,rain,"['USW00094846', 'USW00014819', 'KORD', 'KMDW', 'F1983', 'KPWK', 'KIGQ']",obs,,372
2025-10-08,W,659843,508974,1168817,9077,1759899600,17.5,10.2,13.8,17.5,10.2,13.8,6.7,63.1,0.0,0.0,0.0,,0.0,0.0,33.5,22.0,44.7,1027.8,20.3,16.0,20.1,1.6,2.0,10.0,06:55:26,1759924526,18:19:55,1759965595,0.55,Partially cloudy,Partly cloudy throughout the day.,partly-cloudy-day,"['USW00094846', 'USW00014819', 'KORD', 'KMDW', 'F1983', 'KPWK', 'KIGQ']",obs,,373
2025-10-09,W,656173,529239,1185412,9078,1759986000,17.2,8.7,13.0,17.2,8.3,13.0,5.2,60.1,0.0,0.0,0.0,,0.0,0.0,38.9,17.8,109.2,1030.2,7.9,16.0,32.8,2.9,4.0,10.0,06:56:32,1760010992,18:18:15,1760051895,0.59,Clear,Clear conditions throughout the day.,clear-day,"['USW00094846', 'USW00014819', 'KORD', 'KMDW', 'F1983', 'KPWK', 'KIGQ']",obs,,374
2025-10-10,W,619786,477092,1096878,9079,1760072400,19.4,9.7,14.6,19.4,8.6,14.4,7.1,61.8,0.077,100.0,8.33,['rain'],0.0,0.0,40.2,24.8,211.2,1021.9,37.0,16.0,23.3,1.9,4.0,10.0,06:57:39,1760097459,18:16:37,1760138197,0.62,"Rain, Partially cloudy",Partly cloudy throughout the day with rain in the morning and afternoon.,rain,"['USW00094846', 'USW00014819', 'KORD', 'KMDW', 'F1983', 'KPWK', 'KIGQ']",obs,,375
2025-10-11,A,422782,403058,825840,9080,1760158800,18.1,12.1,15.5,18.1,12.1,15.5,9.4,67.4,0.0,0.0,0.0,,0.0,0.0,43.2,20.7,50.5,1020.1,29.9,16.0,22.3,1.9,2.0,10.0,06:58:46,1760183926,18:14:59,1760224499,0.66,Partially cloudy,Partly cloudy throughout the day.,partly-cloudy-day,"['USW00094846', 'USW00014819', 'KORD', 'KMDW', 'F1983', 'KPWK', 'KIGQ']",obs,,376
2025-10-12,U,283480,542446,825926,9081,1760245200,20.1,9.9,15.1,20.1,9.6,15.1,9.2,68.8,0.0,0.0,0.0,,0.0,0.0,30.6,17.2,108.7,1016.1,22.4,16.0,27.1,2.4,4.0,10.0,06:59:53,1760270393,18:13:22,1760310802,0.69,Partially cloudy,Partly cloudy throughout the day.,partly-cloudy-day,"['USW00094846', 'USW00014819', 'KORD', 'KMDW', 'F1983', 'KPWK', 'KIGQ']",obs,,377
2025-10-13,W,487268,405396,892664,9082,1760331600,20.4,13.2,16.9,20.4,13.2,16.9,9.9,64.1,0.0,0.0,0.0,,0.0,0.0,23.8,9.9,118.7,1018.2,45.5,16.0,9.1,0.8,0.0,10.0,07:01:01,1760356861,18:11:45,1760397105,0.75,Partially cloudy,Partly cloudy throughout the day.,partly-cloudy-day,"['USW00094846', 'USW00014819', 'KORD', 'KMDW', 'F1983', 'KPWK', 'KIGQ']",obs,,378
2025-10-14,W,650249,487076,1137325,9083,1760418000,20.0,15.1,17.2,20.0,15.1,17.2,13.0,76.8,0.0,0.0,0.0,,0.0,0.0,44.6,23.2,24.9,1025.1,45.3,14.8,30.2,2.5,4.0,10.0,07:02:09,1760443329,18:10:10,1760483410,0.76,Partially cloudy,Partly cloudy throughout the day.,partly-cloudy-day,"['USW00094846', 'USW00014819', 'KORD', 'KMDW', 'F1983', 'KPWK', 'KIGQ']",obs,,379
2025-10-15,W,628961,476877,1105838,9084,1760504400,16.9,13.4,14.9,16.9,13.4,14.9,11.3,79.4,4.277,100.0,37.5,['rain'],0.0,0.0,38.5,20.6,63.6,1023.9,57.1,14.6,6.2,0.6,0.0,10.0,07:03:17,1760529797,18:08:35,1760569715,0.8,"Rain, Partially cloudy",Partly cloudy throughout the day with a chance of rain throughout the day.,rain,"['USW00094846', 'USW00014819', 'KORD', 'KMDW', 'F1983', 'KPWK', 'KIGQ']",obs,,380
2025-10-16,W,649973,492753,1142726,9085,1760590800,19.5,13.5,16.4,19.5,13.5,16.4,8.6,60.8,0.0,0.0,0.0,,0.0,0.0,31.3,18.2,112.5,1021.1,25.9,16.0,23.7,1.8,2.0,10.0,07:04:25,1760616265,18:07:01,1760656021,0.83,Partially cloudy,Partly cloudy throughout the day.,partly-cloudy-day,"['USW00094846', 'USW00014819', 'KORD', 'KMDW', 'F1983', 'KPWK', 'KIGQ']",obs,,381
2025-10-17,W,604836,439123,1043959,9086,1760677200,23.3,13.7,18.3,23.3,13.7,18.3,8.1,51.9,0.0,0.0,0.0,,0.0,0.0,40.3,25.8,187.0,1012.5,37.4,16.0,23.7,2.1,2.0,10.0,07:05:34,1760702734,18:05:27,1760742327,0.87,Partially cloudy,Partly cloudy throughout the day.,partly-cloudy-day,"['USW00094846', 'USW00014819', 'KORD', 'KMDW', 'F1983', 'KPWK', 'KIGQ']",obs,,382
2025-10-18,A,381265,446627,827892,9087,1760763600,23.0,16.6,19.8,23.0,16.6,19.8,15.5,76.8,9.581,100.0,37.5,['rain'],0.0,0.0,43.6,19.2,211.8,1004.3,49.2,15.2,13.0,1.2,1.0,10.0,07:06:44,1760789204,18:03:55,1760828635,0.9,"Rain, Partially cloudy",Partly cloudy throughout the day with rain.,rain,"['USW00094846', 'USW00014819', 'KORD', 'KMDW', 'F1983', 'KPWK', 'KIGQ']",obs,,383
2025-10-19,U,307844,247440,555284,9088,1760850000,16.1,9.2,12.4,16.1,5.4,11.8,7.0,72.5,17.056,100.0,50.0,['rain'],0.0,0.0,64.8,32.8,300.0,1005.0,42.8,14.7,6.8,0.6,0.0,10.0,07:07:53,1760875673,18:02:24,1760914944,0.94,"Rain, Partially cloudy",Partly cloudy throughout the day with a chance of rain throughout the day.,rain,"['USW00094846', 'USW00014819', 'KORD', 'KMDW', 'F1983', 'KPWK', 'KIGQ']",obs,,384
2025-10-20,W,601831,422565,1024396,9089,1760936400,18.4,4.7,12.2,18.4,2.7,11.5,2.0,52.9,0.0,0.0,0.0,,0.0,0.0,57.6,34.6,193.9,1011.9,12.9,16.0,32.9,2.9,3.0,10.0,07:09:03,1760962143,18:00:53,1761001253,0.97,Clear,Clear conditions throughout the day.,clear-day,"['USW00094846', 'USW00014819', 'KORD', 'KMDW', 'F1983', 'KPWK', 'KIGQ']",obs,,385
2025-10-21,W,615975,466037,1082012,9090,1761022800,13.2,8.1,9.9,13.2,4.6,8.1,5.2,73.5,1.347,100.0,29.17,['rain'],0.0,0.0,56.5,32.5,258.3,1007.0,37.3,15.9,16.2,1.2,2.0,10.0,07:10:13,1761048613,17:59:24,1761087564,0.0,"Rain, Partially cloudy",Partly cloudy throughout the day with rain.,rain,"['USW00094846', 'USW00014819', 'KORD', 'KMDW', 'F1983', 'KPWK', 'KIGQ']",obs,,386
2025-10-22,W,618604,463852,1082456,9091,1761109200,10.0,7.8,8.8,7.0,4.0,5.6,2.2,63.5,0.0,0.0,0.0,,0.0,0.0,48.4,30.8,280.0,1010.9,56.0,16.0,6.8,0.5,0.0,10.0,07:11:24,1761135084,17:57:55,1761173875,0.04,Partially cloudy,Partly cloudy throughout the day.,partly-cloudy-day,"['USW00094846', 'USW00014819', 'KORD', 'KMDW', 'F1983', 'KPWK', 'KIGQ']",obs,,387
2025-10-23,W,623695,474742,1098437,9092,1761195600,12.0,3.8,7.5,12.0,0.8,5.7,0.3,62.0,0.0,0.0,0.0,,0.0,0.0,39.2,23.5,299.6,1019.1,21.7,16.0,14.3,1.2,1.0,10.0,07:12:35,1761221555,17:56:28,1761260188,0.07,Partially cloudy,Partly cloudy throughout the day.,partly-cloudy-day,"['USW00094846', 'USW00014819', 'KORD', 'KMDW', 'F1983', 'KPWK', 'KIGQ']",obs,,388
2025-10-24,W,586550,415854,1002404,9093,1761282000,11.6,1.6,6.5,11.6,-0.5,5.1,0.0,65.3,0.0,0.0,0.0,,0.0,0.0,22.7,14.7,348.5,1025.8,11.8,16.0,21.7,1.8,2.0,10.0,07:13:46,1761308026,17:55:02,1761346502,0.11,Clear,Clear conditions throughout the day.,clear-day,"['USW00094846', 'USW00014819', 'KORD', 'KMDW', 'F1983', 'KPWK', 'KIGQ']",obs,,389
2025-10-25,A,399015,284862,683877,9094,1761368400,12.6,3.3,8.4,12.6,1.3,8.0,2.4,67.2,0.0,0.0,0.0,,0.0,0.0,27.0,14.4,105.5,1028.4,38.9,16.0,21.2,1.8,2.0,10.0,07:14:57,1761394497,17:53:37,1761432817,0.14,Partially cloudy,Partly cloudy throughout the day.,partly-cloudy-day,"['USW00094846', 'USW00014819', 'KORD', 'KMDW', 'F1983', 'KPWK', 'KIGQ']",obs,,390
2025-10-26,U,322688,217607,540295,9095,1761454800,14.4,8.3,11.6,14.4,7.2,11.4,3.3,57.2,0.0,0.0,0.0,,0.0,0.0,36.6,25.1,99.9,1027.4,23.3,16.0,19.4,1.6,2.0,10.0,07:16:09,1761480969,17:52:13,1761519133,0.17,Partially cloudy,Partly cloudy throughout the day.,partly-cloudy-day,"['USW00094846', 'USW00014819', 'KORD', 'KMDW', 'F1983', 'KPWK', 'KIGQ']",obs,,391
2025-10-27,W,550654,396777,947431,9096,1761541200,13.5,7.9,11.1,13.5,5.4,10.3,3.4,60.3,0.0,0.0,0.0,,0.0,0.0,40.7,24.6,89.8,1023.2,14.7,16.0,24.9,2.1,4.0,10.0,07:17:21,1761567441,17:50:50,1761605450,0.21,Clear,Clear conditions throughout the day.,clear-day,"['USW00094846', 'USW00014819', 'KORD', 'KMDW', 'F1983', 'KPWK', 'KIGQ']",obs,,392
2025-10-28,W,638531,464085,1102616,9097,1761627600,14.2,8.4,11.4,14.2,6.4,10.7,3.5,59.5,0.0,0.0,0.0,,0.0,0.0,48.0,35.2,90.6,1019.1,32.2,16.0,19.3,1.6,2.0,10.0,07:18:33,1761653913,17:49:29,1761691769,0.24,Partially cloudy,Partly cloudy throughout the day.,partly-cloudy-day,"['USW00094846', 'USW00014819', 'KORD', 'KMDW', 'F1983', 'KPWK', 'KIGQ']",obs,,393
2025-10-29,W,645197,467094,1112291,9098,1761714000,13.0,8.9,11.1,13.0,6.0,10.3,3.7,60.9,0.0,0.0,0.0,,0.0,0.0,53.7,37.0,56.4,1016.6,35.9,16.0,25.5,2.2,3.0,10.0,07:19:46,1761740386,17:48:09,1761778089,0.25,Partially cloudy,Partly cloudy throughout the day.,partly-cloudy-day,"['USW00094846', 'USW00014819', 'KORD', 'KMDW', 'F1983', 'KPWK', 'KIGQ']",obs,,394
2025-10-30,W,645207,476146,1121353,9099,1761800400,13.0,5.7,9.2,13.0,2.7,8.0,3.5,68.4,0.0,0.0,0.0,,0.0,0.0,38.9,24.9,2.5,1012.2,24.9,16.0,19.5,1.6,3.0,10.0,07:20:59,1761826859,17:46:50,1761864410,0.31,Partially cloudy,Partly cloudy throughout the day.,partly-cloudy-day,"['USW00094846', 'USW00014819', 'KORD', 'KMDW', 'F1983', 'KPWK', 'KIGQ']",obs,,395
2025-10-31,W,601396,432500,1033896,9100,1761886800,12.6,4.7,8.2,12.6,1.7,6.7,2.3,67.7,0.41,100.0,8.33,['rain'],0.0,0.0,35.7,22.0,282.0,1011.7,35.5,16.0,23.8,2.1,3.0,10.0,07:22:12,1761913332,17:45:33,1761950733,0.34,"Rain, Partially cloudy",Partly cloudy throughout the day with late afternoon rain.,rain,"['USW00094846', 'USW00014819', 'KORD', 'KMDW', 'F1983', 'KPWK', 'KIGQ', 'USW00004838']",obs,,396
